,beta,cap,capex,cash,ceo_age,ceo_good,debt,div,dso,ebitda,eps_gr,fcf,hist_eps,inst,inv,marg,ocf,px_gr,rd,roe,score,sg,sic_num,tax,ticker,vol,yr_200_hi,yr_50_hi,yr_hi,ebitda_mult,debt_mult,rd_dum
0,1.0,6630.0,4.24,853,56.13,0,1445,1.25,20,1028,0.77,-9.61,-8.78,80.98,6,0.0,-497,0.96,0.44,-11.81,0,3.89,5,29.84,AA,4.75,22.6,12.35,-6.88,8074.170233463035,1.4056420233463034,1
1,1.0,22670.0,14.49,6949,54.0,0,20754,0.89,16,8900,1.14,0.81,-43.78,79.38,14,14.0,6125,1.22,0.0,139.04,5,29.51,6,29.84,AAL,6.73,7.15,-7.14,-13.01,43423.21921348315,2.3319101123595507,0
2,1.06,11830.0,2.92,91,58.0,0,1232,0.15,16,1147,1.07,3.16,-6.13,80.98,1,8.2,579,1.11,0.0,17.09,15,36.51,8,37.71,AAP,1.05,0.47,-5.73,-9.69,13061.920662598082,1.074106364428945,0
3,1.14,686540.0,5.94,67155,55.0,1,87032,1.87,22,68986,1.13,24.05,2.44,60.55,51,27.1,65417,1.03,4.82,34.69,40,6.55,5,25.85,AAPL,31.63,14.84,8.46,-1.33,773571.0265416171,1.2615893079755314,1
4,0.87,19500.0,0.35,2768,54.0,0,4481,1.75,22,2020,1.1,1.0,-23.97,73.04,12,1.4,1997,1.0,0.0,78.77,7,1.41,7,31.55,ABC,2.78,7.72,7.66,-4.18,23979.6297029703,2.2183168316831683,0
5,1.17,70490.0,1.38,4908,56.0,1,27,2.11,43,5516,1.09,12.82,23.44,80.78,0,13.9,5016,1.15,0.0,64.54,19,15.63,10,20.43,ACN,2.53,-2.63,-3.42,-9.94,70516.11022480058,0.004894851341551849,0
6,0.86,25190.0,1.49,2106,54.0,0,5877,2.72,12,2221,1.3,2.59,41.46,75.81,8,2.4,2539,1.02,0.0,8.89,2,3.27,5,16.63,ADM,3.42,-0.39,-2.82,-8.58,31066.051778478162,2.6461053579468707,0
7,0.38,12560.0,35.57,292,54.0,0,7576,3.4,31,2152,1.03,-1.82,7.8,69.16,3,22.8,2034,1.01,0.0,9.15,4,20.13,6,37.01,AEE,1.38,2.69,-0.66,-4.3,20135.86431226766,3.520446096654275,0
8,1.13,7410.0,16.99,2041,58.0,0,20807,4.21,59,3814,1.13,2.99,-8.78,96.07,17,16.5,2811,1.1,0.0,-8.25,3,1.29,6,54.82,AES,5.69,-6.26,-3.26,-15.62,28216.46486628212,5.455427372836916,0
9,1.11,86010.0,2.51,1105,46.0,0,42726,1.32,49,4748,1.18,15.85,190.29,89.16,4,0.0,3064,1.13,12.54,17.88,17,29.58,5,29.84,AGN,5.2,2.59,9.39,-23.89,128735.76727042966,8.998736310025274,1
10,1.0,6330.0,1.55,203,58.0,0,1546,0.73,45,438,1.09,12.45,-107.14,94.18,5,18.5,309,1.15,0.0,272.04,10,25.19,10,20.85,ALLE,0.75,-2.82,0.64,-10.27,7875.536529680366,3.529680365296804,0
11,1.38,29630.0,10.36,1385,63.0,0,3456,0.0,73,725,1.18,19.91,-151.85,98.66,0,21.6,894,1.26,25.13,4.45,16,31.69,5,31.68,ALXN,3.17,4.19,2.54,-18.32,33084.089655172414,4.7668965517241375,1
12,1.85,37710.0,2.34,3749,58.0,0,3343,1.15,67,2671,1.07,20.44,96.43,85.0,3,19.9,2466,1.04,14.23,23.21,20,7.57,5,14.51,AMAT,10.44,16.3,5.41,-0.34,41051.59640584051,1.2515911643579183,1
13,1.12,11820.0,1.67,381,51.0,0,1942,0.7,57,1094,1.06,16.72,-13.85,91.11,4,21.7,709,1.09,0.0,16.14,14,11.86,5,26.11,AME,2.18,6.28,1.91,-3.28,13761.651736745887,1.7751371115173675,0
14,1.19,118780.0,3.42,31382,53.0,0,31556,2.98,49,10408,1.07,35.02,9.84,81.16,1,41.4,8673,1.13,17.09,25.83,13,22.85,5,13.72,AMGN,3.9,0.28,4.73,-9.71,150332.9848193697,3.0318985395849345,1
15,1.5,395500.0,4.72,19808,52.0,1,17547,0.0,17,8050,1.81,6.69,944.0,66.3,8,3.2,14603,1.11,11.81,13.93,42,19.55,8,39.96,AMZN,4.07,6.41,4.98,-1.75,413044.539378882,2.179751552795031,1
16,1.12,5300.0,1.19,74,67.0,0,2367,0.0,2,998,1.07,1.19,0.96,92.27,5,4.0,510,1.0,0.0,18.4,3,10.87,8,38.58,AN,0.95,8.59,3.57,-3.19,7666.925851703407,2.3717434869739478,0
17,1.21,21920.0,56.19,1467,49.0,0,8778,1.67,89,3604,-1.5,-12.48,-89.3,97.78,3,0.0,2125,1.13,0.0,-221.22,3,8.04,2,29.84,APA,3.32,-2.88,-8.96,-16.26,30697.59295227525,2.435627081021088,0
18,1.49,38210.0,50.75,939,59.0,0,15751,0.28,98,3997,3.08,-22.43,-63.49,89.03,12,0.0,2134,1.17,0.0,-28.52,28,18.63,2,29.84,APC,4.36,9.85,-3.08,-6.78,53960.765073805356,3.94070552914686,0
19,1.27,30180.0,10.97,1501,71.0,0,6225,2.7,44,3060,1.11,19.26,-17.96,86.09,12,21.6,2885,1.09,1.36,7.81,9,8.88,5,27.26,APD,1.43,-1.34,-4.67,-7.82,36404.509477124186,2.034313725490196,1
20,0.87,20550.0,2.93,1173,46.0,0,3011,0.96,74,1459,1.07,14.4,9.23,80.98,4,19.0,1051,1.04,0.0,22.99,6,12.54,5,27.06,APH,1.18,2.87,-1.72,-3.83,23560.196024674435,2.063742289239205,0
21,1.08,81270.0,5.46,3097,64.0,1,13642,2.0,44,3825,1.07,20.3,-982.93,80.98,7,0.0,3411,1.05,20.2,-14.73,31,6.09,5,29.84,AVGO,3.02,17.07,9.94,-1.02,94911.19032679738,3.5665359477124183,1
22,1.07,7090.0,2.91,176,44.0,0,1059,2.25,63,718,1.08,6.39,11.36,90.71,8,9.7,557,1.02,0.0,30.1,5,18.1,5,28.74,AVY,0.78,7.02,10.02,-1.47,8148.7548746518105,1.4749303621169916,0
23,0.56,20460.0,4.67,197,51.0,0,4969,0.0,8,2358,1.1,10.61,12.91,99.57,1,19.4,1637,1.22,0.0,0.0,17,33.37,8,34.84,AZO,0.32,-7.2,-7.92,-12.76,25428.916454622562,2.107294317217981,0
24,1.11,101190.0,2.78,10029,52.0,0,9952,3.43,35,7448,1.09,8.59,45.75,75.54,1,5.1,10786,1.03,5.07,97.13,10,3.74,5,6.0,BA,3.39,14.8,3.06,-3.55,111140.65346401719,1.3361976369495165,1
25,0.77,26160.0,7.63,7361,53.0,0,6520,1.11,63,1447,1.1,7.6,-8.78,85.87,3,6.1,1541,1.09,6.43,59.72,3,27.75,5,29.84,BAX,3.64,3.07,5.42,-4.11,32674.912923289565,4.505874222529371,1
26,1.61,13970.0,1.52,3466,56.0,0,1734,2.52,10,2141,1.06,4.18,69.44,91.4,4,4.4,2254,1.03,0.0,24.69,3,19.15,8,36.39,BBY,5.64,10.97,-0.08,-9.92,15702.381130312939,0.8099019149929939,0
27,1.05,38000.0,5.75,1568,62.0,0,11551,1.67,47,3272,1.09,14.75,-90.36,85.09,3,11.5,2559,1.04,6.63,13.19,9,24.07,5,9.02,BDX,1.18,3.77,5.33,-1.53,49550.52078239609,3.5302567237163816,1
29,0.99,13380.0,6.77,224,50.0,0,5131,0.68,53,1107,1.24,-7.05,-100.0,87.19,5,4.9,-23,1.11,0.0,11.16,7,5.46,5,29.84,BLL,1.22,-0.91,0.36,-6.94,18510.797651309847,4.635049683830172,0
31,1.09,32630.000000000004,3.6,319,51.0,0,5677,0.0,59,1559,1.13,6.62,-982.93,92.74,2,0.4,835,1.14,11.11,1.26,20,38.2,5,29.84,BSX,8.37,4.79,5.61,-3.35,38306.795381654905,3.6414368184733803,1
32,1.6,8740.0,5.74,590,53.0,0,2567,1.31,67,1330,1.05,5.34,-44.29,80.98,11,9.9,990,1.0,0.0,14.46,4,9.0,5,32.24,BWA,2.36,13.34,2.12,-2.25,11306.556390977443,1.9300751879699247,0
33,0.91,12940.0,1.09,2812,50.0,0,2092,3.28,48,1529,1.0,25.39,-5.66,72.63,0,30.2,1068,1.05,14.08,14.66,-1,33.4,10,30.73,CA,2.6,-5.34,-4.32,-11.55,15030.160889470242,1.368214519293656,1
34,0.32,16950.0,4.0,835,51.0,0,5528,2.04,26,1624,1.1,8.47,-20.0,78.95,5,9.3,1398,1.06,0.0,15.88,7,17.95,5,48.19,CAG,3.51,5.49,0.13,-2.58,22477.485837438424,3.4039408866995076,0
35,0.75,24120.0,0.38,2356,60.0,0,5539,2.45,21,3183,1.1,2.11,-16.52,88.51,11,1.9,3127,1.06,0.0,20.79,5,2.97,7,38.36,CAH,2.93,-0.86,1.8,-14.23,29658.259817781967,1.740182218033302,0
36,1.26,55720.0,8.16,7168,63.0,0,36783,3.18,137,6029,1.43,6.28,-22.58,72.41,2,2.6,5774,0.97,5.12,3.8,3,11.77,5,6.1,CAT,4.87,7.94,0.78,-4.37,92501.81107978105,6.101011776413999,1
37,1.76,10240.0,1.46,613,59.0,0,4430,0.0,89,977,1.06,2.06,-29.55,99.62,0,5.2,456,1.11,0.0,17.81,7,22.21,9,35.84,CBG,2.29,4.28,-2.13,-8.19,14669.372569089048,4.534288638689867,0
38,1.67,27760.0,1.48,323,66.0,0,8448,1.12,86,3107,1.08,12.9,21.59,18.14,5,18.8,2077,1.07,0.0,29.13,27,17.67,6,26.7,CBS,4.29,12.77,1.05,-3.41,36207.896041197295,2.7190215642098488,0
39,2.0,16710.0,4.66,170,56.13,0,3861,3.42,74,1213,1.07,8.71,2.29,3.68,9,11.1,1084,1.1,0.0,18.86,0,26.44,5,10.54,CCE,2.03,-4.11,6.12,-36.29,20570.859851607584,3.1830173124484746,0
40,0.75,40270.0,18.68,603,61.0,0,9454,2.52,7,4809,1.15,12.64,140.0,82.13,28,18.7,5134,1.03,0.0,11.99,11,13.41,6,1.73,CCL,3.5,12.53,3.58,-4.01,49723.87461010605,1.965897275940944,0
41,0.95,18290.0,15.7,513,66.0,1,605,0.0,75,1325,1.11,9.24,16.67,84.32,35,19.6,1175,1.1,11.6,16.09,12,50.6,10,29.84,CERN,3.55,-5.4,7.7,-20.21,18894.61283018868,0.45660377358490567,1
42,2.08,4900.0,24.91,1191,49.0,0,10764,0.0,46,1058,-11.14,-22.21,-78.25,80.98,0,0.0,229,1.19,0.0,0.0,1,-24.8,2,29.84,CHK,49.16,0.25,-8.63,-21.95,15662.874291115311,10.173913043478262,0
43,0.44,10640.0,0.64,168,55.0,0,950,2.35,48,925,1.07,4.23,-6.25,86.45,0,6.6,631,0.99,0.0,43.12,-1,11.04,6,37.07,CHRW,1.44,5.0,1.13,-3.57,11589.818378378379,1.027027027027027,0
44,0.34,15540.0,3.49,401,52.0,0,2320,2.66,30,1233,1.06,10.29,3.82,73.09,7,18.2,801,1.0,2.44,321.08,0,24.29,5,33.47,CLX,1.0,-1.85,0.25,-14.05,17859.67477696675,1.8815896188158963,1
45,1.05,182220.0,13.76,3301,56.0,0,61046,0.84,35,26417,1.15,9.72,15.0,84.99,0,21.1,18462,1.08,0.0,15.91,26,36.8,6,37.22,CMCSA,10.89,11.84,5.28,-1.64,243265.8750425862,2.3108604307832077,0
46,1.19,24690.0,4.06,1811,53.0,0,1639,2.79,61,2602,0.99,8.52,-19.63,83.92,4,9.3,2238,0.96,3.69,16.03,4,11.45,5,24.24,CMI,1.57,12.74,4.88,-2.02,26328.303996925442,0.6299000768639508,1
47,0.11,11760.0,29.36,285,47.0,0,9514,3.16,37,1934,1.07,-6.05,26.42,92.44,3,20.0,1461,1.05,0.0,14.21,5,20.13,6,33.03,CMS,1.88,0.24,0.74,-8.93,21273.852637021715,4.919338159255429,0
48,0.55,11170.0,20.72,1193,50.0,0,8814,4.13,31,1880,1.07,4.13,-145.05,76.69,7,13.0,1799,0.97,0.0,-4.73,3,20.13,6,29.84,CNP,3.53,9.68,3.14,-1.22,19983.365425531916,4.688297872340425,0
49,1.48,3880.0,12.74,73,47.0,0,3707,0.0,27,633,2.07,5.68,-78.84,80.98,18,2.1,488,1.32,0.0,-11.52,4,9.0,2,29.84,CNX,3.73,-8.44,-9.19,-24.31,7586.88467614534,5.856240126382306,0
50,0.61,9660.0,34.0,1,62.0,0,2025,0.38,37,583,-2.0,2.47,-50.0,90.38,36,0.0,408,1.34,0.0,-9.45,18,7.52,2,29.84,COG,6.33,-11.22,-6.95,-22.33,11684.998284734134,3.4734133790737562,0
51,0.46,10600.0,9.12,1319,49.0,0,876,3.75,19,972,1.11,6.72,20.0,90.74,2,15.1,713,1.12,0.0,18.51,17,53.16,5,26.16,COH,3.34,0.88,6.16,-13.5,11474.643004115227,0.9012345679012346,0
52,0.79,11900.0,3.67,340,55.0,0,2176,1.45,81,1284,1.07,10.08,14.49,80.55,1,18.6,723,1.09,0.0,36.83,9,12.13,5,22.25,COL,1.35,3.57,-1.97,-6.58,14075.735202492211,1.6947040498442367,0
53,1.14,60090.0,25.16,2368,54.0,0,24880,2.11,57,7111,-0.13,-6.08,-3.45,66.11,17,0.0,4556,1.19,0.0,-17.49,17,3.51,5,29.84,COP,7.03,8.13,-4.01,-8.77,84969.66699479679,3.49880466882295,0
54,0.9,71100.0,2.17,4729,63.0,0,5535,1.1,4,4927,1.11,2.23,13.76,73.59,9,3.1,5274,1.07,0.0,21.16,22,10.26,8,34.0,COST,2.19,2.72,-0.23,-4.55,76634.0401867262,1.1234016642987619,0
55,0.45,19190.0,3.99,306,62.0,0,3533,2.24,38,1446,1.04,14.1,51.61,44.92,5,15.4,1440,0.96,1.48,44.02,-4,18.88,5,33.29,CPB,1.87,7.32,2.14,-7.95,22722.78838174274,2.4432918395574,1
56,1.32,54750.0,4.91,1341,51.0,1,2056,0.0,54,919,1.31,18.7,25.0,85.44,0,1.4,1867,1.2,14.1,3.56,42,58.59,10,29.84,CRM,6.05,4.76,6.78,-6.98,56804.54080522307,2.23721436343852,1
57,0.89,8770.0,7.75,1244,63.0,0,2644,0.91,101,861,1.15,-0.14,-91.6,98.32,0,2.1,560,1.07,0.0,-3.52,5,14.92,10,29.84,CSC,1.73,14.26,2.46,-1.72,11412.555168408828,3.0708478513356563,0
58,1.39,153100.0,2.37,65756,49.0,0,28643,3.37,35,15123,1.05,25.3,-4.17,77.63,13,25.5,13534,1.08,12.84,17.23,20,23.35,5,16.53,CSCO,22.59,-0.6,0.3,-4.54,181738.65192091517,1.894002512728956,1
59,1.27,44110.0,20.74,1020,65.0,1,11293,1.52,32,4690,1.13,10.19,-7.69,71.66,9,29.4,3346,0.94,0.0,14.77,15,28.72,6,36.95,CSX,12.27,43.0,17.98,-4.15,55402.78251599147,2.4078891257995734,0
60,0.87,12060.0,6.08,210,56.0,0,1300,0.9,41,947,1.06,3.82,-57.84,68.23,11,15.9,503,1.09,0.0,26.67,5,28.11,5,33.5,CTAS,0.67,2.08,-1.39,-6.02,13359.778247096094,1.3727560718057021,0
61,0.74,13950.0,16.1,126,63.0,0,20225,8.36,40,6826,0.92,10.56,-24.32,73.93,57,15.2,4708,1.12,0.0,6.55,3,18.1,6,32.99,CTL,9.15,-4.94,2.15,-23.74,34174.98154116613,2.962935833577498,0
62,1.32,31820.0,2.16,4950,47.0,0,1287,0.0,63,2543,1.08,10.75,12.31,88.62,0,17.2,1712,1.21,0.0,16.33,20,20.06,10,33.79,CTSH,6.37,-4.97,-6.85,-17.3,33105.05348014156,0.506095163193079,0
63,1.58,11270.0,5.08,1684,51.0,0,1427,0.0,50,1063,1.09,28.26,140.0,98.48,48,15.5,1139,1.3,15.1,21.08,6,45.82,10,7.93,CTXS,1.33,-18.23,-21.46,-25.71,12695.415804327375,1.3424270931326434,1
64,0.83,83150.0,1.44,2547,60.0,1,27464,2.54,27,11792,1.0,5.23,28.83,83.71,10,5.8,11519,1.12,0.0,13.97,19,10.7,8,38.67,CVS,8.65,-9.41,-3.03,-26.91,110613.78400610584,2.3290366350067844,0
65,0.27,45030.0,57.81,862,61.0,0,28951,4.01,41,5018,0.99,-18.48,10.0,67.45,2,30.7,4408,1.1,0.0,14.69,8,20.13,6,24.36,D,2.6,-4.0,-5.23,-9.02,73980.8282184137,5.769430051813472,0
66,0.83,34590.0,8.76,3642,58.0,0,7332,1.7,18,8854,1.08,10.29,2.42,84.07,21,19.3,7559,0.0,0.0,41.4,13,31.65,6,34.45,DAL,8.41,9.44,-5.27,-10.42,41921.58866049243,0.8281002936525864,0
67,1.72,65880.0,4.35,5967,60.0,0,8536,2.0,99,4737,1.09,7.87,-100.0,72.44,2,11.8,3084,1.06,6.91,19.57,7,17.56,5,18.19,DD,2.88,8.13,2.36,-2.58,74414.7403419886,1.8019843782985012,1
68,0.78,33950.0,11.09,4789,62.0,0,35675,2.24,456,4424,1.16,3.04,-18.18,83.54,5,11.2,3764,0.95,5.21,22.97,4,11.08,5,31.48,DE,3.09,17.57,2.14,-1.22,69623.91749547921,8.063969258589513,1
69,0.87,20280.0,2.46,158,54.0,0,2970,1.39,0,2305,1.06,5.5,-2.33,97.28,4,9.4,1693,1.08,0.0,22.66,11,21.49,8,36.14,DG,3.15,-4.62,-0.59,-24.25,23249.931453362256,1.2885032537960954,0
70,0.69,12680.0,3.45,359,58.0,0,3734,1.99,45,1395,1.05,10.22,-42.98,92.3,54,16.5,1026,1.0,0.0,14.66,4,22.79,10,34.19,DGX,1.12,7.15,0.4,-2.72,16413.74265232975,2.6767025089605734,0
71,1.12,11080.0,0.7,1313,60.0,0,3272,1.3,0,1445,1.09,3.94,30.95,85.15,1,11.2,586,1.15,0.0,14.35,11,10.73,3,34.59,DHI,5.08,-0.89,3.64,-14.12,14351.091349480968,2.2643598615916956,0
72,1.03,57780.0,3.09,791,55.0,0,12870,0.62,56,4800,1.08,14.95,-72.14,78.78,5,17.5,4104,1.07,5.81,10.78,16,29.81,5,26.87,DHR,3.26,5.33,4.34,-1.42,70649.83520833333,2.68125,1
73,1.23,177130.0,8.58,4610,65.0,1,20170,1.41,52,16684,1.13,15.17,15.79,59.91,20,25.8,13213,1.02,0.0,21.39,17,15.74,6,34.15,DIS,8.33,13.31,3.94,-0.62,197299.72368736513,1.208942699592424,0
74,1.59,12810.0,1.48,539,56.0,0,7735,0.0,87,2408,1.15,20.96,-16.28,81.86,0,30.5,1452,0.98,0.0,15.79,-5,25.84,6,26.96,DISCA,2.95,5.16,0.59,-5.75,20544.7761627907,3.2122093023255816,0
75,1.59,12520.0,1.48,539,56.0,0,7735,0.0,87,2408,1.14,20.96,-16.28,81.86,0,30.5,1452,1.03,0.0,15.79,-5,25.84,6,26.96,DISCK,1.52,5.8,0.71,-5.22,20254.7761627907,3.2122093023255816,0
76,1.19,19150.0,4.8,536,53.0,0,4008,1.66,62,2456,1.06,7.23,-24.65,96.94,10,10.0,1953,1.16,0.0,47.99,16,6.69,5,20.01,DLPH,2.41,3.97,1.51,-9.35,23157.781758957655,1.6319218241042346,0
77,0.61,18030.0,2.91,740,64.0,0,7346,0.0,0,1578,1.19,4.25,105.71,95.77,4,7.8,1465,1.21,0.0,17.48,11,22.75,8,32.15,DLTR,2.83,-8.33,-2.82,-23.56,25375.531051964514,4.655259822560203,0
78,1.43,4510.0,4.11,366,50.0,0,1824,1.57,83,465,1.04,15.66,-149.38,95.95,0,19.3,333,1.02,0.0,0.0,1,42.51,10,45.72,DNB,0.22,-4.12,0.48,-13.35,6333.212903225806,3.92258064516129,0
79,1.12,2250.0,38.01,136,55.0,0,2282,0.0,75,1083,0.77,5.17,-89.9,59.94,0,0.0,762,1.07,0.0,-18.33,-7,3.65,2,29.84,DO,2.64,-10.47,-10.76,-38.7,4531.874422899354,2.1071098799630654,0
80,1.2,12150.0,2.37,349,62.0,0,3622,2.24,66,1115,1.19,12.26,-30.25,89.03,5,11.2,981,1.04,0.0,13.31,4,25.57,5,24.66,DOV,1.45,7.56,1.03,-4.98,15771.686995515694,3.2484304932735424,0
81,1.14,66700.0,8.71,6607,61.0,0,21363,3.06,35,8094,1.05,4.08,-42.2,70.52,4,11.9,5956,1.09,3.35,33.23,14,6.76,5,9.22,DOW,6.97,10.01,3.14,-2.31,88062.1837163331,2.639362490733877,1
82,0.59,16610.0,3.42,920,61.0,0,3382,2.34,32,1573,1.07,11.42,22.86,93.17,12,22.2,951,1.04,0.0,40.08,1,36.24,5,34.09,DPS,1.4,-0.34,-0.18,-8.49,19991.41513032422,2.150031786395423,0
83,0.22,17570.0,19.14,189,57.0,0,9807,3.4,45,2276,1.0,2.38,27.89,67.28,6,12.5,2205,1.03,0.0,9.11,7,20.13,6,22.08,DTE,0.99,2.73,-0.27,-2.5,27376.916959578208,4.308875219683656,0
84,0.17,53300.0,31.68,857,56.0,0,43202,4.43,44,9186,0.98,-2.12,25.93,58.06,2,23.6,6872,1.03,0.0,7.11,-1,20.13,6,29.96,DUK,3.33,-2.0,0.17,-11.84,96501.90670585675,4.703026344437187,0
85,1.01,12760.0,5.64,1990,60.0,1,9130,0.0,44,2496,0.93,7.53,176.0,88.32,56,12.1,1918,1.0,0.0,14.46,3,10.91,10,35.21,DVA,1.8,-0.9,0.51,-17.95,21889.202724358973,3.6578525641025643,0
86,2.12,23840.0,42.24,2353,59.0,0,13113,0.53,32,2788,-13.07,-22.71,-121.88,78.93,0,0.0,2291,1.16,0.0,-93.95,26,-3.23,2,29.84,DVN,4.84,5.08,-2.41,-10.16,36952.15602582497,4.703371592539455,0
87,0.75,25050.0,2.64,3834,41.0,0,1152,0.0,67,1083,1.11,22.56,-71.11,80.98,24,22.3,1146,1.11,24.92,37.19,16,22.87,10,29.84,EA,3.09,3.16,3.21,-3.57,26198.459833795016,1.0637119113573408,1
88,1.26,35590.0,6.95,7149,49.0,0,8960,0.0,25,3007,1.09,29.5,-20.0,86.6,0,26.4,3246,1.06,11.8,27.15,12,36.67,10,19.02,EBAY,10.58,5.96,5.97,-3.04,44547.62254738942,2.9797140006651146,1
89,0.93,35210.0,5.67,152,57.0,1,6465,1.22,66,2809,1.11,10.19,47.67,87.07,5,12.7,2096,1.01,0.0,15.71,11,32.63,5,22.8,ECL,0.94,1.53,1.09,-3.07,41674.94588821645,2.3015307938768244,0
90,0.05,22350.0,27.69,947,55.0,0,14274,3.77,35,3743,1.04,0.59,11.72,55.43,9,20.7,3414,0.99,0.0,8.9,-5,20.13,6,35.17,ED,1.68,-1.42,0.05,-10.44,36623.74699438953,3.813518567993588,0
91,0.82,14040.0,6.1,93,56.0,0,1195,1.12,48,913,1.09,18.14,11.22,90.03,0,26.3,729,1.14,0.0,19.21,10,30.69,10,32.24,EFX,0.91,-6.89,-1.24,-14.43,15234.898138006572,1.3088718510405257,0
92,0.16,23330.0,34.12,240,50.0,0,11962,3.02,63,4018,1.04,2.75,-0.78,83.71,14,16.4,4176,1.08,0.0,7.57,10,20.13,6,28.73,EIX,1.66,-1.02,-0.28,-9.03,35291.940268790444,2.977103036336486,0
93,0.87,29290.0,4.61,1383,58.0,1,2242,1.68,51,2237,1.1,9.83,-3.66,94.12,1,14.0,1631,1.13,0.0,30.77,12,65.16,5,27.21,EL,2.17,-5.73,1.41,-18.01,31531.381761287437,1.0022351363433168,0
94,1.35,11470.0,6.64,293,50.0,0,7039,2.63,37,2293,1.08,10.53,-8.77,86.78,4,14.4,1553,1.08,2.72,20.73,11,8.17,5,17.76,EMN,1.4,10.42,1.62,-2.71,18508.87221979939,3.0697775839511556,1
95,1.21,37780.0,3.08,3182,61.0,0,6646,3.25,90,3358,1.13,16.76,-30.61,72.9,5,19.3,2881,0.93,0.0,20.9,-2,23.85,5,30.1,EMR,3.63,8.19,2.41,-3.53,44425.052412150086,1.9791542584871948,0
96,0.54,2750.0,4.74,858,53.0,0,8581,0.0,119,1036,0.95,13.03,-80.48,98.65,3,0.0,683,1.62,4.71,-2.05,9,20.04,5,29.84,ENDP,6.2,-31.83,-15.15,-78.23,11330.171814671814,8.282818532818533,1
97,0.93,58220.0,38.11,719,63.0,0,6661,0.66,52,3203,-0.39,-7.3,-95.31,87.52,3,0.0,2170,1.11,0.0,-9.88,23,32.76,2,29.84,EOG,3.63,6.4,-2.41,-7.65,64880.77552294724,2.079612862940993,0
98,0.84,10500.0,94.89,2019,51.0,0,3092,0.19,33,1004,-1.39,-35.65,-118.52,92.54,0,0.0,1084,1.37,0.0,-7.05,12,14.06,2,29.84,EQT,1.83,-11.74,-5.6,-24.6,13589.989043824702,3.0796812749003983,0
99,0.33,17330.0,25.23,41,60.0,0,10196,3.27,55,2457,1.06,-2.42,12.16,72.77,8,23.9,1723,1.06,0.0,8.55,7,20.13,6,37.76,ES,1.51,0.08,-0.37,-9.5,27525.983312983313,4.14977614977615,0
100,0.91,42610.0,0.35,3186,55.0,0,15592,0.0,25,7275,1.08,5.11,18.55,87.79,54,4.8,5545,1.16,0.0,17.07,7,3.66,8,33.94,ESRX,4.38,-4.74,-1.58,-13.63,58201.56206185567,2.143230240549828,0
101,1.3,32210.0,2.43,445,56.13,0,8449,3.24,66,3427,1.04,10.89,19.79,77.39,5,11.6,2656,0.98,2.99,12.67,10,17.63,5,8.1,ETN,2.69,8.16,4.11,-0.56,40658.870148818205,2.465421651590312,1
102,0.47,12670.0,37.98,1351,56.0,0,13850,4.93,25,3445,0.65,-8.14,-153.47,89.79,2,13.6,3194,1.03,0.0,13.37,-2,2.83,6,29.84,ETR,1.45,-5.26,-1.8,-13.85,26519.607837445572,4.020319303338171,0
103,0.3,32729.999999999996,28.32,8072,57.0,0,26319,3.63,56,7373,0.99,2.5,-23.19,76.86,8,10.3,9305,1.08,0.0,4.79,14,20.13,6,41.34,EXC,6.38,3.44,0.0,-5.97,59047.90519462905,3.56964600569646,0
104,0.69,18120.0,8.7,1721,46.0,1,3604,0.86,57,961,1.27,7.66,-14.62,95.71,0,4.1,1370,1.16,13.86,6.0,24,58.58,6,29.84,EXPE,1.95,2.2,2.93,-9.57,21722.209157127993,3.750260145681582,1
105,1.07,48960.0,4.4,35176,56.13,0,132854,4.84,183,15079,1.05,8.03,-50.0,57.42,13,5.5,19086,1.05,0.0,24.59,5,10.01,5,26.07,F,37.64,-0.28,-1.74,-13.36,181811.66721931164,8.810531202334372,0
106,0.96,14350.0,5.02,113,53.0,0,390,2.54,50,899,1.09,8.35,-6.38,80.54,2,20.1,526,1.0,0.0,26.89,2,29.52,8,36.9,FAST,2.83,12.77,2.17,-3.76,14739.874304783092,0.43381535038932145,0
107,0.7,383990.0,15.87,18434,31.0,1,315,0.0,37,8239,1.25,35.15,164.52,71.87,0,42.3,12585,1.15,22.94,15.66,44,20.31,10,28.92,FB,23.42,6.98,7.53,-0.2,384302.76259254763,0.038232795242141036,1
108,2.58,24250.0,23.67,4245,69.0,0,16027,0.0,33,3486,1.0,-2.63,-104.47,75.4,5,0.0,3206,0.85,0.59,-108.78,-1,3.65,2,29.84,FCX,33.29,32.74,12.63,-1.29,40275.782271944925,4.597532989099254,1
109,1.18,49640.0,8.94,3534,73.0,1,13867,0.83,45,6165,1.12,1.72,6.15,75.84,38,5.8,5889,1.12,0.0,12.53,18,39.2,6,34.35,FDX,1.73,5.16,-2.19,-7.59,63506.42676399027,2.249310624493106,0
110,0.14,12700.0,21.18,443,60.0,0,22066,4.83,37,4455,1.01,4.01,-4.3,79.09,8,6.1,3710,1.16,0.0,-5.03,4,27.34,6,29.84,FE,4.54,-7.92,-2.87,-18.47,34765.900561167226,4.953086419753086,0
111,0.8,25940.0,6.41,688,50.0,0,11513,1.46,58,1985,1.12,14.14,-9.68,89.19,0,13.0,1781,1.13,0.0,5.76,20,18.85,10,35.36,FIS,1.75,1.9,1.43,-3.24,37452.653400503776,5.8,0
112,0.8,22870.0,5.33,275,55.0,0,4293,0.0,54,1728,1.11,21.0,4.34,89.23,0,25.7,1433,1.03,0.0,33.25,6,19.88,10,38.22,FISV,1.04,1.21,-2.62,-5.5,27162.84085648148,2.484375,0
113,0.52,4820.0,2.82,473,55.0,0,359,1.36,68,357,1.11,15.25,-17.3,97.02,2,18.3,294,1.05,8.48,10.7,6,19.91,5,40.65,FLIR,0.68,7.08,-1.06,-4.71,5177.675070028011,1.0056022408963585,1
114,1.56,6430.0,2.56,366,54.0,0,1631,1.51,82,752,1.0,5.62,-122.86,80.98,2,7.3,344,0.96,0.0,8.95,1,23.82,5,35.68,FLS,1.2,3.98,-0.39,-6.15,8060.51329787234,2.168882978723404,0
115,1.66,8109.999999999999,3.73,79,59.0,0,2184,1.09,181,642,1.17,6.54,-8.78,98.76,2,8.8,341,0.97,4.35,-0.55,6,15.69,5,85.71,FMC,1.0,17.09,3.23,-3.56,10293.876947040499,3.4018691588785046,1
116,1.44,1200.0,2.7,303,63.0,0,808,0.0,38,432,0.96,6.58,-69.75,99.63,2,4.9,286,1.05,0.0,10.81,-2,47.06,5,25.29,FOSL,1.12,-14.51,-4.88,-52.01,2007.298611111111,1.8703703703703705,0
117,1.4,57960.0,1.02,4424,43.0,0,19725,1.15,79,6522,1.1,14.6,29.41,99.82,5,22.5,4333,1.08,0.0,19.95,18,13.16,6,26.74,FOX,3.76,16.59,8.34,-0.19,77684.32168046612,3.0243790248390066,0
118,1.4,58670.0,1.02,4424,43.0,0,19725,1.14,79,6522,1.1,14.6,29.41,99.82,5,22.5,4333,1.04,0.0,19.95,18,13.16,6,26.74,FOXA,9.98,18.27,7.4,-0.41,78394.32168046612,3.0243790248390066,0
119,2.12,3300.0,5.95,1905,50.0,0,289,0.0,47,755,0.08,-7.34,-56.3,62.92,6,11.6,-47,1.07,3.87,8.86,2,7.48,5,29.84,FSLR,3.21,-13.89,-4.87,-57.21,3586.476821192053,0.3827814569536424,1
120,0.75,4000.0,16.41,9380,51.0,0,15892,12.03,35,2303,1.6,-0.05,71.43,69.7,0,10.3,1292,1.36,0.0,-11.57,6,23.91,6,29.84,FTR,22.29,-15.79,-2.77,-41.71,19887.927051671733,6.900564481111593,0
121,0.75,54760.0,1.46,2334,58.0,0,3888,1.67,43,4763,1.08,3.71,-3.07,88.68,7,13.7,1601,1.11,0.0,26.5,16,6.22,5,27.36,GD,1.67,12.67,2.59,-3.38,58647.50997270628,0.8162922527818601,0
122,1.2,95940.0,2.36,14607,54.0,0,22180,2.63,64,22755,0.93,54.83,-18.63,77.22,2,60.8,18057,1.28,14.72,87.95,17,11.0,5,19.02,GILD,9.81,-4.8,-0.56,-29.37,118119.35807514832,0.974730828389365,1
123,0.61,35600.0,4.73,766,62.0,1,8431,3.07,32,3396,1.08,10.7,-8.05,71.87,6,15.9,2461,1.04,0.0,36.36,0,18.53,5,29.12,GIS,2.84,-5.22,-1.15,-15.87,44030.77444051826,2.4826266195524145,0
124,1.39,24930.0,12.31,5291,56.0,0,3902,2.02,62,2663,1.06,10.19,73.33,80.55,3,11.4,2059,1.0,8.5,13.58,6,18.23,5,29.84,GLW,7.87,11.47,5.09,-2.89,28830.013143071723,1.4652647390161473,1
125,1.32,55090.0,8.31,24991,54.0,0,63111,4.18,66,15518,1.0,0.97,109.52,74.34,9,6.1,15038,1.06,0.0,34.93,6,7.04,5,29.84,GM,14.69,8.52,-1.06,-5.82,118199.38954762212,4.066954504446449,0
126,1.23,2480.0,1.65,450,52.0,0,350,6.12,7,809,1.02,4.96,-7.55,80.98,3,7.2,600,1.08,0.0,19.3,8,24.42,8,35.51,GME,2.8,-8.23,-1.72,-27.94,2829.443757725587,0.4326328800988875,0
127,0.96,14330.0,0.88,212,59.0,0,663,2.71,47,1266,1.07,5.71,-8.78,73.88,3,7.2,1005,1.02,0.0,21.48,0,21.7,7,36.71,GPC,0.66,-1.56,-1.03,-9.09,14992.832543443918,0.523696682464455,0
128,0.87,8990.0,3.9,1455,60.0,0,1731,4.01,0,2148,1.05,6.83,-16.39,60.66,4,8.0,1660,1.13,0.0,25.12,-4,20.13,8,43.17,GPS,6.67,-9.57,-4.57,-26.71,10720.322625698323,0.8058659217877095,0
129,1.46,8380.0,6.71,1476,52.0,0,5756,1.08,62,2349,1.08,1.62,20.2,95.8,4,9.8,1289,1.11,0.0,7.49,9,17.08,5,6.52,GT,2.9,5.36,1.95,-3.75,14135.371647509579,2.4504044274159216,0
130,0.78,14920.0,3.3,274,49.0,0,2247,1.92,47,1368,1.1,5.82,4.45,84.8,4,11.8,924,0.95,0.0,31.07,0,28.89,7,35.63,GWW,0.71,12.03,5.52,-3.44,17166.79970760234,1.6425438596491229,0
131,1.58,7780.0,2.52,611,58.0,0,1404,1.26,56,901,1.04,7.69,-10.32,95.22,6,8.5,737,0.91,0.0,14.51,0,22.11,5,35.46,HAR,1.43,18.86,0.38,-0.08,9183.321864594895,1.55826859045505,0
132,0.8,10250.0,3.04,999,53.0,0,1712,2.45,106,830,1.09,10.07,23.78,81.37,4,16.3,637,1.04,5.35,32.54,1,30.71,5,25.14,HAS,1.38,0.28,0.14,-7.23,11960.79638554217,2.0626506024096387,1
133,0.84,8780.0,1.55,319,57.0,0,2625,2.57,56,962,1.12,7.36,12.5,87.3,1,12.5,522,1.4,0.0,41.15,12,25.16,8,6.61,HBI,6.26,-5.87,4.01,-23.64,11404.668399168399,2.728690228690229,0
134,0.68,30710.0,6.54,791,59.0,0,30488,0.0,50,7822,1.11,6.87,51.43,72.22,4,14.9,5512,1.09,0.0,0.0,17,45.6,10,28.21,HCA,3.22,7.69,6.17,-2.06,61197.898874968036,3.8977243671695216,0
135,1.08,167420.0,1.68,2216,58.0,0,21315,1.99,7,13765,1.13,8.94,18.52,73.22,4,14.0,9926,1.07,0.0,116.06,23,18.34,8,36.56,HD,5.02,4.32,1.09,-1.38,188734.83901198691,1.548492553577915,0
136,1.79,16760.0,54.86,2732,61.0,0,6806,1.85,73,925,0.72,-32.65,14.29,85.76,6,0.0,1092,1.23,0.0,-15.02,13,9.15,5,29.84,HES,4.37,-1.86,-11.14,-18.38,23563.046486486488,7.357837837837838,0
137,0.87,10100.0,4.68,856,51.0,0,6890,2.42,19,1330,1.06,11.92,-7.25,93.5,8,17.3,1007,1.0,0.0,30.19,2,20.73,5,32.76,HOG,2.06,2.15,-3.72,-9.24,16989.356390977442,5.180451127819549,0
138,0.95,89960.0,2.89,7843,63.0,0,15775,2.23,74,7713,1.08,10.73,-8.78,77.08,6,17.3,5354,1.11,0.0,26.9,18,13.51,5,24.96,HON,3.41,2.87,0.54,-1.15,105733.98314533904,2.0452482821210944,0
139,1.6,25560.0,0.9,6288,48.0,0,6836,3.58,66,3748,1.03,5.8,-61.64,81.23,7,7.4,3230,1.07,2.51,20.91,8,7.96,5,29.11,HPQ,12.05,1.09,0.18,-7.75,32394.322305229456,1.823906083244397,1
140,0.57,4370.0,3.5,1002,58.0,0,1503,4.01,7,807,1.05,10.01,23.64,80.98,0,21.4,409,1.15,0.0,0.0,1,21.05,10,36.31,HRB,2.69,-8.64,-8.82,-39.95,5871.758364312268,1.862453531598513,0
141,1.26,12660.0,2.01,487,53.0,0,4517,2.06,34,1694,1.09,10.18,7.63,86.96,4,15.6,903,1.12,0.0,10.31,10,15.76,5,42.42,HRS,0.7,6.32,-0.73,-5.31,17176.712514757968,2.666469893742621,0
142,1.02,12870.0,0.57,72,66.0,0,810,0.0,41,928,1.1,5.18,7.24,95.4,5,6.7,649,1.07,0.0,17.05,8,20.98,7,29.28,HSIC,0.75,0.05,2.44,-12.64,13679.922413793103,0.8728448275862069,0
143,0.34,22310.0,3.89,347,59.0,0,2420,2.35,37,1665,1.07,10.23,51.0,99.99,4,17.9,1042,0.98,0.0,91.54,-1,26.43,5,31.8,HSY,1.05,2.89,0.92,-10.76,24729.79159159159,1.4534534534534536,0
144,0.96,165330.0,5.12,8527,58.0,0,42168,3.19,4,15855,1.02,18.04,-1.0,60.66,24,16.4,18580,0.94,5.46,78.1,3,25.76,5,4.88,IBM,3.77,8.19,2.83,-2.77,207497.46218858403,2.6596026490066227,1
145,1.06,9260.0,3.41,182,54.0,0,1070,2.15,68,690,1.07,11.85,-14.5,82.07,2,18.8,468,1.12,8.09,24.61,4,17.78,5,22.72,IFF,0.65,-9.36,-1.08,-18.87,10329.736231884059,1.5507246376811594,1
146,1.05,172920.0,14.75,17099,55.0,0,25283,2.78,28,22550,1.05,18.2,7.81,67.94,4,21.8,19085,1.12,21.72,17.25,25,14.43,5,19.0,INTC,20.6,1.67,-0.91,-5.01,198202.24172949002,1.1211973392461196,1
147,1.07,30210.0,11.3,1080,52.0,0,1000,1.14,9,1480,1.14,17.78,9.09,87.42,0,25.4,1384,1.0,19.21,98.64,3,38.98,10,31.08,INTU,1.18,4.63,0.61,-2.36,31209.27027027027,0.6756756756756757,1
148,1.53,23230.0,6.58,1050,54.0,0,9326,3.25,45,3709,1.21,5.51,41.51,83.81,6,8.2,2556,0.99,0.0,20.19,6,13.82,5,27.52,IP,2.66,15.12,4.0,-4.01,32555.7169048261,2.5144243731464004,0
149,1.54,9250.0,2.51,1510,70.0,0,1762,2.5,177,1028,1.1,8.77,77.78,99.84,0,11.7,878,1.12,0.0,28.97,11,88.32,10,29.05,IPG,3.78,0.94,-1.21,-6.12,11010.53112840467,1.7140077821011672,0
150,1.26,20150.0,1.51,737,52.0,0,4239,2.0,63,1858,1.06,11.11,28.57,85.76,5,11.8,1701,1.05,0.0,24.17,13,19.08,5,16.07,IR,2.1,10.02,0.93,-3.55,24388.60333692142,2.281485468245425,0
151,1.67,7100.0,0.71,656,58.0,0,387,1.01,60,656,1.12,5.49,-4.0,89.51,0,3.1,680,1.03,0.0,4.92,2,13.04,3,25.18,JEC,1.1,7.15,0.64,-7.22,7486.0,0.5899390243902439,0
152,0.96,7600.0,5.81,595,56.13,0,2805,3.39,5,1725,1.06,4.97,-114.29,69.84,3,6.2,1578,1.17,0.0,29.37,2,29.47,8,42.98,JWN,3.47,-13.28,-6.66,-30.25,10404.655072463767,1.626086956521739,0
153,0.53,25230.0,4.14,251,50.0,0,7759,2.86,41,1974,1.07,9.21,41.38,82.61,6,9.6,1743,1.12,0.0,29.13,1,26.67,5,17.29,K,1.63,-6.14,-1.17,-17.51,32988.872847011145,3.930597771023303,0
154,0.66,43150.0,4.62,923,58.0,0,7572,3.22,45,4030,1.07,12.01,7.8,71.13,6,17.1,3026,1.03,0.0,0.0,1,18.48,5,32.15,KMB,1.9,0.02,3.88,-12.86,50721.77096774193,1.878908188585608,0
155,0.67,49570.0,22.59,684,54.0,0,40050,2.27,36,6167,1.14,17.17,-982.93,56.96,14,18.0,5291,1.14,0.0,-0.97,14,5.26,6,141.29,KMI,13.3,3.66,2.34,-4.84,89619.88908707637,6.494243554402464,0
156,1.37,12200.0,2.51,381,46.0,0,10658,0.0,2,804,1.08,-3.22,14.29,80.98,6,6.8,-110,1.03,0.0,20.77,8,8.64,8,37.86,KMX,2.23,11.97,-0.55,-5.33,22857.526119402984,13.256218905472636,0
157,0.68,177950.0,5.76,19900,63.0,0,44213,3.38,34,11770,1.03,15.12,-27.27,65.16,5,20.7,8861,1.09,0.0,27.68,7,22.68,5,20.96,KO,13.54,-2.54,-0.52,-12.45,222161.3092608326,3.756414613423959,0
158,0.82,31370.0,3.37,1200,55.0,0,12079,1.43,4,5762,1.06,0.53,-4.65,81.23,13,3.1,4444,1.07,0.0,31.48,12,17.47,8,32.6,KR,7.97,2.18,-2.25,-18.26,43448.79173897952,2.0963207219715376,0
159,1.09,6970.0,3.87,707,63.0,0,4708,5.04,0,2487,1.02,8.57,31.75,80.98,2,6.6,2347,1.16,0.0,11.32,1,23.35,8,36.14,KSS,4.82,-13.33,-12.66,-33.84,11677.715721753117,1.8930438279051065,0
160,0.77,16810.0,7.6,2570,78.0,1,5721,4.09,8,2649,1.04,7.8,-23.64,77.0,4,16.8,1923,1.16,0.0,0.0,7,24.77,8,34.9,LB,2.41,-16.32,-7.99,-36.77,22530.029822574557,2.159682899207248,0
161,1.0,6670.0,2.84,253,57.0,0,969,2.88,47,592,1.05,10.02,-8.78,71.44,5,13.0,488,0.97,0.0,35.12,2,10.94,5,24.34,LEG,0.87,-1.09,-0.05,-11.1,7638.572635135135,1.6368243243243243,0
162,0.98,14050.0,3.05,716,59.0,0,6417,0.0,49,1740,1.09,8.64,14.77,95.3,33,12.9,1111,1.08,0.0,12.59,16,17.07,10,35.11,LH,0.73,2.43,4.07,-3.5,20466.588505747128,3.6879310344827587,0
163,1.12,12180.0,1.79,207,60.0,0,3652,1.78,28,1134,1.09,7.51,-150.27,81.01,25,5.9,966,1.12,0.0,7.78,8,20.13,5,10.8,LLL,0.63,4.83,2.98,-2.66,15831.817460317461,3.2204585537918873,0
164,0.32,82080.0,2.98,4452,48.0,0,7978,2.78,63,5020,1.06,14.0,-2.67,77.04,1,16.1,3538,1.1,26.09,15.87,17,31.0,5,16.48,LLY,6.32,0.89,3.69,-7.38,90057.11314741036,1.5892430278884462,1
165,1.28,62930.0,1.88,712,53.0,0,12649,1.9,0,6568,1.15,6.94,-46.25,76.31,3,8.0,5507,1.12,0.0,32.45,18,24.23,8,44.35,LOW,6.13,-1.5,0.0,-13.51,75578.8915956151,1.9258526187576126,0
166,1.5,19120.0,2.76,6828,48.0,0,4540,1.55,72,1406,0.95,20.51,41.41,80.98,3,19.7,1484,1.12,14.76,16.72,16,9.98,5,10.84,LRCX,2.0,18.51,7.22,-1.18,23655.143669985777,3.2290184921763867,1
167,1.32,8620.0,3.19,21932,54.0,0,21610,1.05,145,318,6.9,3.87,-187.23,75.13,20,0.0,749,1.25,0.0,0.43,1,24.71,5,47.69,LUK,1.61,17.23,1.9,-1.42,30161.03144654088,13.0,0
168,0.96,32530.0,11.17,3305,61.0,0,3387,0.76,11,4981,1.21,8.06,-29.55,78.03,18,19.4,3908,1.17,0.0,30.08,12,33.19,6,37.02,LUV,6.02,22.95,3.88,-2.68,35916.33647861875,0.6799839389680787,0
169,1.34,21280.0,16.58,862,55.0,0,11009,0.0,36,2524,1.17,12.01,-8.78,88.32,0,17.4,2342,1.06,0.0,42.85,3,17.45,6,29.84,LVLT,2.61,12.22,1.75,-1.7,32288.65847860539,4.3617274167987325,0
170,1.06,38740.0,7.57,1995,49.0,0,8028,3.61,34,7133,1.06,10.15,-9.44,74.93,5,17.8,5053,0.96,0.35,57.75,6,2.74,5,26.07,LYB,3.03,15.23,5.96,-2.63,46767.720314033366,1.1254731529510724,1
171,0.72,8930.0,3.65,1146,64.0,0,7637,5.12,3,3176,1.05,4.05,-86.11,89.98,2,5.5,2014,1.23,0.0,17.73,3,31.65,8,36.08,M,7.17,-20.42,-11.29,-35.79,16566.63916876574,2.404596977329975,0
172,1.19,114410.0,3.54,7279,56.0,1,3297,0.81,41,5372,1.16,39.46,25.58,78.3,0,52.2,4531,1.15,0.0,64.33,28,43.97,10,25.07,MA,3.71,3.22,-1.55,-5.47,117705.64501116902,0.6137379002233805,0
173,1.23,33050.0,2.0,96,57.0,0,4107,1.41,33,1517,1.12,7.68,-66.67,66.02,0,8.1,1482,1.0,0.0,65.54,12,4.29,10,31.98,MAR,2.96,13.22,0.98,-1.95,37156.93671720501,2.707317073170732,0
174,1.55,10790.0,2.23,1716,53.0,0,3423,1.2,51,1108,1.22,6.78,25.0,93.28,6,14.4,659,1.13,0.0,0.0,17,18.67,5,37.09,MAS,3.27,-0.11,2.61,-11.02,14211.451263537907,3.089350180505415,0
175,1.07,29690.0,0.32,4048,57.0,0,8154,0.82,33,4812,0.94,2.94,4.4,93.19,11,1.6,6415,1.11,0.0,23.09,3,3.72,7,26.82,MCK,2.34,-13.42,-2.79,-29.78,37843.15876974231,1.6945137157107233,0
176,0.92,67780.0,6.75,1870,62.0,0,15398,1.71,43,5080,1.07,6.28,-92.15,77.79,5,5.7,3454,1.13,0.0,2.92,15,25.41,5,31.2,MDLZ,8.55,0.84,-1.72,-5.41,83177.63188976378,3.0311023622047246,0
177,1.01,104350.0,4.13,12634,60.0,1,31240,2.29,67,8108,1.09,17.05,122.22,85.21,2,18.7,6145,1.11,7.69,8.28,17,32.82,5,6.09,MDT,7.07,-6.4,3.34,-14.87,135588.4417858905,3.852984706462753,1
178,1.19,16010.000000000002,6.98,82,61.0,0,3200,0.0,59,1399,1.05,7.15,25.26,79.81,3,13.9,1240,1.08,0.0,17.06,15,17.32,5,23.21,MHK,0.65,6.56,5.07,-0.96,19209.941386704788,2.28734810578985,0
179,1.38,12820.0,4.17,1795,54.0,0,2980,2.35,37,1010,1.06,17.14,3.9,99.15,2,20.7,812,1.07,2.72,0.0,3,37.41,5,25.47,MJN,1.85,-10.95,-3.44,-26.38,15798.222772277228,2.9504950495049505,1
180,0.49,11840.0,3.49,118,57.0,0,1447,1.97,38,765,1.08,11.43,6.03,15.06,3,14.5,658,1.02,0.0,28.57,1,26.63,5,25.97,MKC,0.72,-1.6,1.69,-12.32,13286.845751633988,1.8915032679738562,0
181,1.42,14630.0,10.53,168,53.0,0,1583,0.71,56,756,1.27,7.44,43.1,80.98,5,17.5,668,1.01,0.0,9.75,8,6.32,2,30.9,MLM,0.81,13.63,1.87,-5.53,16212.777777777777,2.0939153439153437,0
182,1.47,5190.0,5.41,281,55.0,0,6045,0.0,54,1512,0.98,29.63,67.19,91.81,4,18.3,1184,1.65,7.76,12.17,15,27.37,5,29.84,MNK,2.55,-22.83,-2.72,-42.92,11234.814153439154,3.998015873015873,1
183,0.6,139350.0,1.01,2369,62.0,0,12919,3.42,2,8620,1.09,25.99,-28.21,61.62,3,45.2,5220,0.98,0.0,178.43,7,13.59,5,35.76,MO,6.95,8.6,4.09,-0.85,152268.72517401393,1.498723897911833,0
184,0.98,47570.0,7.0,1736,57.0,1,9040,1.99,56,3818,1.13,12.29,-112.5,76.61,1,20.8,2688,1.1,10.89,40.65,12,20.63,5,35.96,MON,2.02,3.76,1.3,-5.08,56609.54531168151,2.3677317967522264,1
185,1.28,11100.0,12.48,1276,55.0,0,3860,3.55,29,2091,1.21,4.01,-75.56,95.42,4,6.0,1231,0.86,0.0,4.53,-4,4.35,5,29.84,MOS,5.04,14.23,3.96,-6.8,14959.389765662363,1.8460066953610712,0
186,1.74,25180.0,4.64,1136,62.0,0,11925,2.98,18,5981,1.7,1.51,-84.66,81.34,8,3.5,3803,1.29,0.0,8.83,16,2.64,5,33.4,MPC,6.27,7.53,-3.75,-12.6,37104.81006520649,1.9938137435211503,0
187,0.81,171220.0,3.9,13427,61.0,0,26514,3.06,63,13780,1.02,23.35,21.88,75.72,2,19.6,10873,1.09,18.22,12.3,12,24.52,5,19.34,MRK,11.22,1.05,1.97,-5.13,197733.025616836,1.9240928882438317,1
188,2.24,14060.0,31.9,1221,54.0,0,7277,1.21,68,1765,0.12,-11.42,-79.28,83.7,8,0.0,970,1.22,0.0,-8.17,11,10.85,2,29.84,MRO,14.78,5.13,-6.22,-13.95,21336.30821529745,4.122946175637394,0
189,1.07,491320.0,10.64,113240,48.0,0,53687,2.4,61,27289,1.09,32.15,6.45,74.02,14,23.1,36673,1.07,14.35,23.03,27,22.26,10,16.46,MSFT,26.36,6.93,0.69,-3.54,545002.8503426289,1.9673494814760526,1
190,1.89,27290.0,46.79,4398,54.0,0,9910,0.0,57,3209,1.14,-22.31,-15.79,83.38,3,2.3,3186,1.07,12.8,-2.45,21,4.91,5,29.84,MU,26.09,36.02,10.88,-0.4,37198.62947958866,3.0881894671237147,1
191,2.09,4970.0,66.93,984,54.0,0,2993,3.52,75,961,1.69,-48.81,-99.03,98.04,3,0.0,367,1.12,0.0,-14.38,-3,13.07,2,29.84,MUR,2.98,-2.22,-8.33,-23.05,7961.976066597294,3.1144640998959416,0
192,1.08,20690.0,6.52,1343,45.0,0,7296,0.0,106,2798,1.12,16.29,-127.71,65.9,2,7.9,2349,1.28,7.68,2.38,14,23.14,5,29.84,MYL,5.66,-3.52,3.04,-27.34,27985.520014295926,2.6075768406004287,1
193,1.2,16970.0,49.36,1610,58.0,0,8029,1.01,51,1316,0.31,0.18,-50.75,95.89,12,0.0,1630,1.18,0.0,-25.22,25,14.26,2,29.84,NBL,4.3,7.92,0.59,-6.11,24997.77659574468,6.101063829787234,0
194,0.26,57300.0,26.53,2177,53.0,0,30840,2.84,42,7674,1.07,15.2,-16.05,76.13,3,27.6,6897,1.11,0.0,10.61,16,20.13,6,31.07,NEE,2.53,0.61,2.72,-7.09,88139.71631482929,4.0187646598905395,0
195,0.18,19040.0,16.76,2816,57.0,0,6236,0.36,10,2843,0.87,13.48,-982.93,85.24,3,15.4,2425,1.11,2.36,-4.74,11,6.37,2,88.29,NEM,8.23,-3.59,5.11,-22.14,25275.0094970102,2.1934576151952165,1
196,0.24,7090.0,35.42,45,52.0,0,6950,3.21,41,1326,1.08,-16.91,-982.93,84.97,2,19.9,794,1.09,0.0,7.94,4,20.13,6,39.36,NI,2.82,-5.44,-0.96,-18.41,14039.966063348416,5.24132730015083,0
197,0.43,87720.0,3.1,5457,60.0,1,2055,1.36,37,4653,1.12,8.07,11.11,80.45,3,13.4,3744,1.16,0.0,30.22,21,32.03,5,15.56,NKE,8.9,-1.02,0.95,-18.98,89773.82720825274,0.44165054803352677,0
198,0.85,14770.0,6.79,357,52.0,1,7338,3.02,71,1718,0.98,11.12,-5.26,80.98,0,17.7,1124,1.16,0.0,13.7,12,30.29,10,38.97,NLSN,2.95,-14.13,-1.69,-26.14,22107.79220023283,4.271245634458673,0
199,1.0,14560.0,4.13,2080,53.0,0,3930,0.53,113,2657,0.5,13.03,-982.93,95.92,1,0.0,1421,0.9,0.0,-19.55,-1,17.11,5,29.84,NOV,3.57,8.11,0.27,-11.64,18489.217162213023,1.4791117802032367,0
200,1.24,5150.0,10.01,4521,45.0,0,19464,0.74,40,3057,0.42,2.85,944.0,80.98,8,0.0,1650,0.99,0.87,-98.35,9,8.92,6,29.84,NRG,6.71,30.85,16.03,-10.81,24612.52109911678,6.36702649656526,1
201,1.29,34830.0,19.28,956,54.0,0,10212,2.04,37,4104,1.11,10.78,4.03,70.56,10,29.8,2981,0.98,0.0,13.11,7,28.07,6,34.56,NSC,2.11,20.8,7.42,-1.83,45041.76705653022,2.4883040935672516,0
202,1.43,10480.0,3.11,5308,49.0,0,2339,2.0,38,693,1.12,17.0,-2.56,97.32,18,8.6,1086,0.97,14.96,13.26,-2,36.85,5,30.42,NTAP,3.41,12.31,4.59,-2.44,12811.340548340548,3.375180375180375,1
203,1.5,18130.0,2.66,2039,63.0,0,4433,2.5,41,1826,1.09,7.34,18.3,79.95,5,7.0,1571,1.12,0.0,6.64,7,3.32,5,33.01,NUE,3.37,4.61,-6.25,-16.28,22561.88335158817,2.427710843373494,0
204,1.32,61420.0,2.28,5037,53.0,1,1510,0.51,40,1145,1.12,21.54,88.64,87.11,4,23.7,1462,0.87,23.02,24.93,20,10.56,5,14.92,NVDA,17.88,46.05,7.6,-4.99,62925.60087336245,1.3187772925764192,1
205,0.97,22890.0,3.22,275,55.0,0,3077,1.64,67,885,1.04,7.21,-24.0,97.45,4,6.4,1115,1.2,0.0,5.68,16,25.51,5,14.06,NWL,4.14,-4.46,2.35,-14.43,25966.689265536723,3.4768361581920906,0
206,1.5,3220.0,6.18,399,53.0,0,5573,0.0,43,1002,1.17,4.67,944.0,80.98,5,10.8,725,1.06,0.99,13.34,2,7.48,5,53.85,OI,2.5,8.21,6.65,-2.46,8792.601796407185,5.56187624750499,1
207,1.25,11370.0,9.14,98,56.0,0,8981,4.58,29,1348,1.07,5.91,10.26,74.29,25,14.6,1234,0.97,0.0,91.31,-2,20.13,6,24.5,OKE,2.15,5.82,-5.27,-9.19,20350.927299703264,6.66246290801187,0
208,1.26,20060.0,1.03,2620,63.0,1,4571,2.52,152,2211,1.06,12.33,9.27,99.92,8,12.9,2048,0.97,0.0,46.72,1,12.13,10,32.68,OMC,1.62,1.01,-0.98,-5.16,24629.81501582994,2.0673903211216644,0
209,1.13,163440.0,4.31,56125,55.0,0,43855,1.49,37,15613,1.09,33.63,-5.88,60.45,26,34.0,14125,1.09,16.07,18.69,19,25.03,10,23.45,ORCL,13.14,0.16,1.33,-5.14,207291.40523922374,2.808877217703196,1
210,0.81,51670.0,29.5,4394,56.0,0,8333,4.48,123,5250,-1.47,3.47,-90.64,84.1,5,0.0,3433,1.13,0.0,-21.01,6,11.96,2,29.84,OXY,4.97,-6.29,-3.75,-13.85,60002.16304761905,1.5872380952380953,0
211,1.47,2440.0,4.38,768,55.0,0,2969,4.78,43,808,1.06,8.76,-20.45,86.17,14,15.9,454,1.45,3.36,194.05,3,36.37,5,33.15,PBI,3.14,-22.19,-16.73,-39.75,5408.049504950495,3.6745049504950495,1
212,1.26,24060.0,10.91,3465,61.0,0,8592,1.42,142,3198,1.15,1.77,-19.01,63.31,16,7.6,2195,0.98,1.42,8.1,8,7.96,5,52.07,PCAR,2.12,13.58,3.83,-1.68,32650.916510318948,2.6866791744840524,1
213,0.22,30790.0,32.94,357,67.0,0,17258,3.24,25,4988,0.98,-9.23,22.22,85.05,8,7.8,4059,1.08,0.0,4.92,13,20.13,6,29.84,PCG,2.29,-0.8,0.09,-6.94,48047.928428227744,3.4599037690457095,0
214,0.9,3990.0,1.21,137,49.0,0,1059,2.34,50,510,1.06,1.54,33.33,88.29,5,6.2,154,0.99,0.0,14.93,2,17.71,7,33.65,PDCO,1.83,-5.56,1.66,-16.82,5048.731372549019,2.0764705882352943,0
215,0.35,21940.0,43.96,636,58.0,0,9932,3.8,44,3965,1.01,-6.64,-26.44,67.7,3,24.7,3452,1.05,0.0,9.8,5,20.13,6,34.9,PEG,2.48,1.38,-0.66,-8.52,31871.839596469104,2.504918032786885,0
216,0.6,147740.0,4.62,12009,60.0,0,33284,2.9,45,12497,1.07,12.19,944.0,71.51,8,15.6,10400,1.11,0.0,51.16,14,40.0,5,22.81,PEP,4.43,-2.52,-0.95,-7.15,181023.03904937184,2.66335920620949,0
217,0.96,192180.0,3.55,23290,62.0,0,38978,4.09,66,18453,1.08,23.96,-38.24,71.64,1,23.5,14651,1.18,14.48,9.51,12,29.04,5,13.93,PFE,28.2,-4.96,-2.17,-15.3,231156.73787460034,2.11228526526852,1
218,0.62,223260.0,5.4,13348,57.0,1,30598,3.09,26,17559,1.07,15.21,157.13,72.95,6,20.6,13442,1.03,0.0,26.71,8,29.23,5,24.21,PG,9.18,1.53,2.5,-3.32,253857.23982003532,1.7425821516031665,0
219,1.24,19400.0,1.28,2104,57.0,0,3037,1.79,28,1582,1.11,9.97,9.93,81.86,6,10.6,1264,1.05,0.0,17.31,9,11.68,5,27.3,PH,1.1,11.94,1.24,-3.12,22435.670037926677,1.9197218710493047,0
220,1.15,6910.0,0.58,723,41.0,0,3442,1.68,0,1037,1.21,-6.32,23.33,91.75,0,12.7,-415,1.11,0.0,11.98,6,9.75,3,37.59,PHM,5.71,7.04,9.91,-5.31,10351.302796528447,3.3191899710703954,0
221,0.74,5890.0,1.64,238,60.0,0,1013,0.54,69,391,1.05,12.79,10.42,93.81,3,13.5,327,1.01,5.82,11.35,4,26.72,5,12.41,PKI,0.69,0.9,1.82,-6.15,6902.391304347826,2.5907928388746804,1
222,0.91,148850.0,4.05,3417,58.0,0,28480,4.34,45,11479,1.05,25.83,-8.78,72.31,1,38.7,7800,1.03,0.0,0.0,9,25.25,5,27.45,PM,5.09,0.45,3.69,-7.92,177329.70232598658,2.4810523564770453,0
223,1.45,10560.0,2.38,126,59.0,0,4710,2.27,52,1111,1.12,10.81,22.22,93.61,4,4.0,900,1.05,1.97,-1.4,4,20.71,5,112.23,PNR,1.14,-3.32,0.08,-13.24,15269.886588658866,4.2394239423942395,1
224,0.31,8540.0,37.56,55,56.13,0,3820,3.43,35,1541,1.06,-7.85,2.17,84.36,3,24.1,1038,1.01,0.0,9.04,1,20.13,6,34.04,PNW,0.68,0.56,-0.8,-7.36,12359.96430889033,2.4789097988319275,0
225,1.41,26550.0,3.07,1863,58.0,0,4416,1.57,72,2606,1.1,7.35,-143.4,73.62,4,14.4,1602,1.09,3.14,16.7,14,24.14,5,25.94,PPG,1.71,1.07,3.34,-14.05,30965.285111281657,1.6945510360706062,1
226,0.46,23750.0,41.18,975,59.0,0,19964,4.42,35,3813,0.91,-3.48,18.97,71.12,4,39.5,2814,1.04,0.0,18.15,4,20.13,6,22.77,PPL,3.91,1.22,1.74,-12.45,43713.74429583005,5.235772357723577,0
227,0.69,11010.0,2.88,418,53.0,0,5990,0.78,76,1389,1.04,19.92,-8.78,76.48,3,16.0,1139,1.28,3.86,1.48,3,18.85,5,46.87,PRGO,1.8,-12.25,-4.42,-47.98,16999.699064074874,4.3124550035997125,1
228,1.38,42060.0,5.36,3074,58.0,0,8887,3.06,18,5252,1.72,-0.85,-66.9,71.02,15,3.9,3793,1.14,0.0,8.86,4,1.96,5,28.54,PSX,2.26,-0.61,-5.09,-11.14,50946.414699162226,1.6921172886519422,0
229,0.62,7120.0,3.14,556,58.0,0,3217,0.16,35,1018,1.08,10.11,-41.57,80.98,3,9.1,1088,1.29,0.0,12.47,9,43.33,5,16.48,PVH,1.28,-12.78,-2.66,-22.12,10336.453831041257,3.1601178781925343,0
230,0.73,5400.0,2.49,129,46.0,0,482,0.0,80,497,1.33,3.16,-58.46,96.28,84,2.8,420,1.04,0.0,3.27,13,8.48,3,44.03,PWR,2.17,19.95,1.37,-6.25,5881.740442655936,0.9698189134808853,0
231,0.99,33700.0,13.76,524,60.0,0,9515,2.64,58,3337,1.14,13.18,-15.71,85.47,10,21.6,2825,0.01,0.88,31.89,7,10.95,5,27.16,PX,1.47,-0.62,-0.18,-5.64,43214.842972729995,2.851363500149835,1
232,0.98,30660.0,59.14,2085,59.0,0,3655,0.04,42,875,-3.29,-21.11,-96.96,94.63,11,0.0,1419,1.21,0.0,-11.68,40,8.47,2,29.84,PXD,1.61,0.79,-1.46,-7.35,34312.61714285714,4.177142857142857,0
233,1.31,78500.0,2.27,18648,47.0,0,11757,3.95,26,8240,1.01,23.13,-53.54,80.77,6,23.5,6040,1.24,21.49,15.91,11,10.08,5,18.45,QCOM,12.07,-17.32,-15.89,-25.79,90254.73689320388,1.4268203883495145,1
234,1.34,4160.0,31.08,66,50.0,0,5518,2.25,46,1649,1.02,-7.98,-5.92,94.63,79,7.8,1555,1.02,0.0,14.37,6,12.66,10,35.1,R,0.63,9.76,1.88,-8.86,9677.959975742875,3.3462704669496666,0
235,0.4,85480.0,1.72,2716,45.0,0,17447,3.07,1,6555,1.1,7.35,30.43,47.48,3,79.0,1122,0.95,0.0,27.49,5,17.23,5,37.93,RAI,7.57,14.33,5.05,-0.86,102926.58565980168,2.661632341723875,0
236,1.25,20240.0,30.23,133,68.0,0,9388,2.02,11,2381,1.14,-2.68,944.0,77.97,40,16.8,2339,1.1,0.0,14.42,18,13.14,6,29.84,RCL,1.88,22.71,9.38,-1.83,29627.94414111718,3.9428811423771526,0
237,1.76,5110.0,34.48,2679,41.0,0,8490,0.0,85,3450,-0.35,9.94,-29.55,85.14,3,30.6,2238,0.92,0.0,8.1,-8,3.61,2,10.95,RIG,14.64,19.27,-7.01,-16.03,13599.22347826087,2.4608695652173913,0
238,0.8,7180.0,5.3,1118,41.0,0,1000,2.25,27,1060,1.05,6.84,-70.43,92.88,2,4.2,873,1.17,0.0,5.26,7,46.54,5,31.1,RL,1.07,-12.29,-3.11,-23.36,8178.9452830188675,0.9433962264150944,0
239,1.07,19160.0,1.99,2429,53.0,0,1965,2.04,65,1160,1.08,14.12,-4.03,74.83,6,17.1,947,0.98,0.0,34.33,0,24.96,5,22.63,ROK,1.09,17.41,5.47,-4.94,21122.90603448276,1.6939655172413792,0
240,0.91,19410.0,0.96,779,70.0,0,3271,0.74,48,1238,1.11,24.9,3.16,80.98,7,28.0,963,1.1,0.0,12.64,10,33.32,5,31.33,ROP,0.59,6.89,2.38,-0.72,22680.370759289177,2.6421647819063003,0
241,0.61,19340.0,10.24,32,54.0,0,7575,2.23,39,2588,1.06,8.19,-59.02,96.87,140,16.1,1714,1.0,0.0,7.71,5,10.64,6,36.13,RSG,1.24,7.04,-0.46,-2.02,26914.987635239566,2.9269706336939723,0
242,0.81,78450.0,6.53,2263,62.0,1,3664,1.61,13,4917,1.15,13.93,10.87,70.62,7,19.6,4435,1.19,0.0,48.94,26,35.1,8,32.68,SBUX,9.59,-3.42,-5.77,-12.56,82113.53976001627,0.7451698189953223,0
243,0.23,9760.0,35.85,176,60.0,0,6529,3.38,50,1503,1.02,-13.3,26.92,66.76,5,27.0,931,1.08,0.0,10.26,3,20.13,6,30.86,SCG,0.75,-4.95,-5.04,-10.64,16288.882900864937,4.34397870924817,0
244,0.56,28940.0,71.3,301,51.0,0,14656,4.23,57,2506,1.21,-30.3,7.69,70.0,6,26.0,2023,1.01,0.0,4.29,3,20.13,6,20.1,SE,3.43,2.29,-1.33,-6.23,43595.87988826816,5.8483639265762175,0
245,1.32,9450.0,3.86,358,61.0,0,4592,1.32,45,1168,1.13,7.0,97.62,91.43,5,12.0,737,1.09,0.0,87.78,11,23.69,5,17.8,SEE,1.53,4.7,2.73,-7.44,14041.693493150686,3.9315068493150687,0
246,1.21,5360.0,3.85,138,54.0,0,1389,1.31,84,709,1.06,7.11,5.26,80.98,1,11.6,716,1.4,0.0,20.31,11,29.88,8,26.95,SIG,1.47,-10.19,-12.0,-38.61,6748.8053596614955,1.9590973201692525,0
247,0.59,15780.0,2.24,110,46.0,0,5430,2.24,27,1763,1.05,14.42,3.4,81.02,4,15.5,1251,1.02,0.0,10.0,4,19.33,5,27.96,SJM,0.87,-0.57,3.49,-13.86,21209.937606352807,3.079977311401021,0
248,1.09,115730.0,9.59,9257,48.0,0,19616,2.38,123,6625,1.88,12.77,-82.5,81.02,6,8.9,6261,1.16,3.61,-4.4,31,1.44,2,29.84,SLB,5.47,2.04,-2.42,-5.32,135344.60271698114,2.9609056603773585,1
249,1.04,10460.0,2.14,93,69.0,0,903,1.56,123,843,1.09,14.36,12.12,92.58,3,24.6,560,1.05,0.0,21.13,6,30.55,5,30.57,SNA,0.39,11.86,2.97,-0.79,11362.889679715303,1.0711743772241993,0
250,1.15,9790.0,2.03,223,65.0,0,4010,1.31,84,2150,1.0,24.1,16.67,97.08,0,35.5,879,0.92,0.0,44.83,1,23.83,6,29.97,SNI,1.11,12.73,2.75,-2.52,13799.896279069768,1.8651162790697675,0
251,0.11,47580.0,50.07,1404,59.0,0,28738,4.59,36,6900,1.03,-20.28,10.48,52.47,2,25.3,5448,1.04,0.0,11.05,-4,20.13,6,28.99,SO,5.02,-3.67,-0.83,-11.15,76317.79652173913,4.164927536231884,0
252,1.81,5870.0,1.58,825,54.0,0,1035,5.21,34,1363,1.03,2.84,-12.9,93.24,7,0.0,905,1.09,0.0,-9.19,1,21.54,8,29.84,SPLS,7.33,2.46,-2.93,-20.58,6904.394717534849,0.7593543653705063,0
253,0.06,6510.0,4.04,56,50.0,0,3219,0.0,59,615,1.03,10.49,22.03,96.94,0,14.5,515,1.14,0.0,8.49,3,23.72,6,36.1,SRCL,1.07,-5.42,-2.24,-40.69,9728.908943089431,5.234146341463415,0
254,0.47,25390.0,45.52,510,59.0,0,14663,3.0,41,3337,1.06,-20.48,148.47,84.11,10,15.2,2507,1.13,0.0,11.35,11,20.13,6,19.86,SRE,1.27,-2.71,-0.45,-11.55,40052.84716811508,4.394066526820497,0
255,0.53,29380.0,13.37,83,57.0,1,8081,1.08,39,2126,1.13,10.61,48.87,88.38,1,29.1,1737,1.16,0.0,19.64,12,18.34,5,27.32,STZ,2.25,-6.33,-1.13,-13.66,37460.96095954845,3.8010348071495765,0
256,1.12,18050.0,3.12,1132,58.0,0,3827,1.86,55,2051,1.08,9.93,10.53,87.13,3,14.6,1478,1.08,0.0,16.71,7,22.41,5,21.9,SWK,1.05,1.91,3.12,-4.74,21876.44807411019,1.8659190638712824,0
257,1.35,4340.0,32.68,18,57.0,0,4729,0.0,47,1027,-78.0,-4.38,-67.09,80.98,0,0.0,690,1.51,0.0,-167.19,4,9.39,2,29.84,SWN,15.39,-27.16,-12.1,-43.04,9068.982473222979,4.604673807205453,0
258,0.56,28470.0,1.06,3919,60.0,0,7435,2.5,27,2672,1.1,3.66,41.46,79.31,14,3.7,2443,1.03,0.0,24.72,3,14.62,7,33.68,SYY,3.72,0.02,-5.11,-8.8,35903.53330838323,2.782559880239521,0
259,0.39,258209.99999999997,13.44,5788,55.0,0,123513,4.69,36,50555,1.03,9.96,8.0,55.44,0,16.8,38387,1.0,0.0,11.85,8,21.2,6,35.0,T,22.44,3.94,0.57,-4.17,381722.8855108298,2.4431411334190485,0
260,0.96,20720.0,7.44,431,53.0,0,2938,1.72,53,666,0.93,17.23,944.0,32.47,9,25.5,848,1.24,0.0,6.64,8,32.2,5,10.17,TAP,1.57,-4.73,-0.9,-14.06,23657.35285285285,4.411411411411412,0
261,1.19,3840.0,4.64,839,68.0,0,780,0.0,68,492,0.62,13.0,-32.72,80.98,24,3.9,426,0.93,8.65,1.87,-5,29.69,5,81.05,TDC,1.57,1.28,4.57,-10.76,4618.294715447155,1.5853658536585367,1
262,1.0,26510.0,4.96,647,62.0,0,4070,1.99,57,2511,1.07,10.56,25.27,80.98,4,16.0,1936,1.06,5.13,23.72,0,11.99,7,29.84,TEL,1.49,14.5,5.76,-2.41,30579.74233373158,1.620868180007965,1
263,1.55,5000.0,3.45,129,64.0,0,4202,2.46,64,1059,0.83,13.68,42.11,90.78,0,31.3,558,1.05,0.0,20.58,5,33.69,6,30.51,TGNA,2.07,8.48,6.35,-8.03,9201.87818696884,3.967894239848914,0
264,0.56,35760.0,2.12,4046,57.0,0,12760,3.74,0,7389,1.05,4.82,21.84,89.53,4,7.3,4886,1.15,0.0,27.51,4,19.4,8,31.55,TGT,6.1,-10.86,-9.77,-24.33,48519.45242928678,1.726891324942482,0
265,1.29,1810.0,1.72,356,56.0,0,14510,0.0,48,2105,1.62,3.54,-72.41,80.98,42,6.4,1042,1.33,0.0,-31.58,3,20.13,10,29.84,THC,3.42,-13.12,8.6,-46.8,16319.830878859857,6.89311163895487,0
266,1.91,9710.0,6.3,887,56.0,0,1104,2.31,19,996,1.05,13.51,8.57,80.98,0,18.2,790,1.08,0.0,15.67,12,43.69,8,33.51,TIF,1.92,5.89,-1.21,-8.71,10813.109437751003,1.108433734939759,0
267,1.09,60420.0,2.45,452,48.0,0,12527,0.42,55,4180,1.1,15.23,0.85,89.65,4,13.3,3179,1.12,4.02,9.39,19,27.27,5,29.84,TMO,2.1,2.04,6.07,-4.8,72946.8918660287,2.99688995215311,1
268,2.06,7560.0,4.96,661,53.0,0,285,0.0,55,326,1.01,16.77,-27.45,96.69,0,8.9,320,1.0,16.29,8.4,-1,63.54,10,29.84,TRIP,2.53,-10.42,3.98,-27.65,7842.972392638037,0.8742331288343558,1
269,1.24,9500.0,3.69,64,61.0,0,168,1.29,0,774,1.08,3.37,4.69,91.63,2,10.3,460,1.14,0.0,30.35,15,21.98,8,36.36,TSCO,1.5,-4.43,-4.44,-25.58,9667.917312661499,0.21705426356589147,0
270,0.17,24050.0,1.88,353,50.0,0,6279,1.44,15,3585,1.03,5.48,55.56,93.01,11,7.7,2716,1.09,0.0,18.32,7,5.05,5,31.79,TSN,3.82,-6.25,3.08,-16.55,30328.901534170152,1.7514644351464435,0
271,1.69,9570.0,3.64,942,59.0,0,4073,2.64,15,3348,1.5,2.5,-76.84,94.28,8,6.0,1485,1.29,0.0,13.06,12,1.4,5,33.01,TSO,2.47,-0.77,-4.63,-13.39,13642.718637992832,1.216547192353644,0
272,1.02,9240.0,4.65,425,64.0,0,3364,0.78,36,947,1.1,13.75,-29.23,75.17,0,14.9,691,1.16,0.0,16.57,13,14.33,10,34.14,TSS,1.31,1.04,-2.29,-11.0,12603.551214361141,3.552270327349525,0
273,1.12,74580.0,1.55,2155,63.0,0,23792,1.67,103,7522,1.02,13.84,47.62,82.38,8,25.4,4388,1.07,0.0,18.74,16,17.3,6,24.78,TWX,4.85,12.7,1.13,-0.65,98371.71350704599,3.162988566870513,0
274,1.24,75960.0,4.45,3490,57.0,1,3609,2.57,40,6058,1.07,29.47,23.68,87.68,2,35.2,4459,1.06,10.14,31.67,14,13.4,5,28.89,TXN,5.54,7.27,1.93,-4.03,79568.42390227798,0.5957411687025421,1
275,1.6,12860.0,3.17,1137,54.0,0,2777,0.17,26,13616,1.14,2.72,146.03,81.65,2,8.4,818,1.11,0.0,18.83,9,9.25,5,2.63,TXT,1.83,9.74,-3.59,-7.54,15636.916495299647,0.2039512338425382,0
276,0.1,8240.0,8.4,130,43.0,0,669,0.0,49,519,0.94,-4.66,28.89,60.45,2,9.2,175,1.22,0.0,11.59,6,38.11,5,36.03,UA,3.46,-38.49,-26.01,-59.31,8908.749518304432,1.2890173410404624,0
277,1.08,11050.0,10.19,61,78.0,0,3450,0.35,50,1642,1.1,12.47,4.05,95.28,8,13.4,1325,1.16,0.0,16.46,7,47.95,10,34.96,UHS,1.17,-5.08,3.66,-18.48,14499.962850182705,2.1010962241169304,0
278,0.75,88230.0,19.67,1337,53.0,0,15007,2.24,26,9310,1.12,16.29,-9.33,80.62,6,36.2,7186,1.04,0.0,20.58,15,23.94,6,37.38,UNP,4.13,10.14,2.29,-3.3,103236.85639097744,1.6119226638023632,0
279,0.92,91930.0,4.28,4726,60.0,0,14334,2.67,37,9429,1.08,6.35,3.6,69.12,0,13.2,6378,1.11,0.0,214.08,5,53.23,6,34.38,UPS,2.89,-5.58,-8.47,-12.53,106263.49878035847,1.5202036271078587,0
280,2.48,10950.0,23.24,312,62.0,0,7790,0.0,58,2674,1.11,10.66,-0.56,97.39,49,24.6,1953,0.94,0.0,36.24,5,12.48,10,37.72,URI,2.05,45.03,16.57,-0.99,18739.883320867615,2.913238593866866,0
281,1.07,86760.0,3.62,7120,55.0,0,20425,2.42,71,9995,1.06,4.51,15.58,81.69,4,12.2,4631,1.09,4.08,24.52,7,10.25,5,31.61,UTX,3.13,1.78,-2.0,-4.12,107184.28764382191,2.04352176088044,1
282,0.71,7400.0,2.5,939,56.0,0,668,0.0,94,661,0.94,8.57,25.25,80.98,2,17.1,356,1.13,7.88,23.31,1,17.31,5,27.62,VAR,0.87,-14.48,-11.16,-25.85,8066.579425113465,1.0105900151285931,1
283,0.77,20940.0,1.93,946,57.0,0,1865,3.27,53,1882,1.08,9.94,11.21,87.27,3,12.9,1470,1.15,0.0,21.93,4,34.35,5,18.37,VFC,3.23,-11.09,-4.13,-24.58,22804.49734325186,0.9909670563230606,0
284,1.36,16530.0,1.38,379,53.0,0,11913,1.88,80,2953,1.07,9.6,-71.23,16.32,8,20.2,1371,1.01,0.0,36.8,11,22.83,6,26.08,VIAB,3.94,7.19,9.72,-12.26,28442.87165594311,4.034202505926177,0
285,1.42,29590.0,1.78,4114,58.0,0,7377,4.09,23,7729,1.15,4.07,-52.33,81.72,10,4.9,4309,1.12,0.0,10.66,13,0.97,5,25.2,VLO,5.06,9.94,-3.05,-8.44,36966.467718980464,0.9544572389701126,0
286,1.21,16980.0,10.12,285,57.0,0,1980,0.61,55,847,1.39,5.75,14.29,90.87,7,19.0,567,1.07,0.0,8.38,10,8.81,2,29.41,VMC,1.33,6.57,1.12,-7.14,18959.663518299883,2.3376623376623376,0
287,0.66,13690.0,6.99,181,58.0,0,3168,0.0,39,980,1.08,17.96,-3.9,95.1,0,35.3,567,1.06,0.0,42.72,10,14.71,10,30.61,VRSK,0.78,-0.56,-0.26,-4.93,16857.815306122448,3.23265306122449,0
288,1.24,8390.0,2.83,1915,61.0,0,1869,0.0,4,667,1.07,55.75,28.57,80.98,0,59.9,661,1.0,5.37,0.0,-2,17.17,10,22.68,VRSN,0.74,1.03,1.1,-12.78,10256.128935532233,2.8020989505247376,1
289,0.45,197290.0,13.43,2880,61.0,0,108078,4.68,39,42987,1.03,8.57,-10.1,65.2,39,22.5,28133,1.07,0.0,83.48,7,24.52,6,35.79,VZ,15.58,-6.11,-7.39,-15.03,305367.9330030009,2.5142019680368484,0
290,1.25,87480.0,1.17,10024,75.0,0,19028,1.84,20,8087,1.1,5.37,-3.96,61.58,8,5.1,7640,1.16,0.0,13.72,18,20.24,8,20.39,WBA,4.39,-1.39,-2.88,-7.91,106506.76047978237,2.3529120811178434,0
291,1.47,22640.0,4.3,8378,52.0,0,16994,2.52,46,2064,1.14,8.78,-982.93,90.66,6,2.6,1878,1.16,13.11,-4.05,27,10.86,5,29.84,WDC,4.4,34.97,9.94,-3.07,39629.94089147287,8.233527131782946,1
292,0.08,18060.0,20.04,50,49.0,0,10377,3.57,42,1966,1.05,6.34,17.23,71.3,3,23.1,1941,1.07,0.0,10.55,5,20.13,6,39.04,WEC,1.69,-3.6,-2.04,-13.44,28436.97456765005,5.2782299084435405,0
293,0.71,9500.0,2.05,852,62.0,1,1051,1.87,5,1368,1.0,5.04,75.0,87.91,20,5.5,1116,1.02,0.0,14.5,-1,28.96,8,38.69,WFM,4.99,-1.42,-3.88,-16.16,10550.377192982456,0.7682748538011696,0
294,1.71,12870.0,3.19,1085,59.0,0,4470,2.29,52,2182,1.12,2.66,5.08,94.77,5,6.8,1207,1.13,0.0,18.0,6,10.11,5,14.43,WHR,0.89,0.45,-4.11,-10.39,17339.50274977085,2.0485792850595783,0
295,0.72,30580.0,9.94,39,54.0,0,8981,2.44,44,3387,1.08,10.47,-8.11,80.2,89,16.3,2733,1.05,0.0,21.14,6,10.65,6,34.52,WM,1.78,3.89,-1.34,-3.62,39560.9884853853,2.6516090935931502,0
296,1.35,21270.0,31.74,100,53.0,0,24487,2.84,38,3291,-20.2,4.86,-982.93,80.66,23,0.0,2674,1.12,0.0,-18.36,11,10.26,6,29.84,WMB,9.46,-2.2,-4.88,-13.34,45756.969614099056,7.440595563658462,0
297,0.12,203540.0,2.21,8705,49.0,0,50034,3.01,3,33559,1.0,4.4,-4.84,29.68,7,4.8,32028,1.11,0.0,18.39,5,20.82,8,28.11,WMT,8.94,-6.3,-3.48,-11.92,253573.74060609672,1.4909264280818857,0
298,1.0,13580.0,5.62,366,61.0,0,5789,2.98,42,1888,1.11,6.29,-982.93,91.71,6,3.0,1688,1.07,0.0,-3.71,8,12.35,5,36.71,WRK,1.55,10.08,1.46,-5.19,19368.806144067796,3.066207627118644,0
299,1.23,9470.0,4.36,1316,55.0,0,3226,3.26,75,1279,1.04,15.69,-2.22,80.98,0,19.9,1088,0.99,0.0,60.0,-5,20.57,10,10.51,WU,4.87,-6.12,-8.64,-13.92,12694.971071149335,2.5222830336200155,0
300,1.2,8540.0,3.6,303,59.0,0,5208,2.52,33,1277,1.09,13.58,10.56,98.69,9,18.1,960,1.08,0.0,65.01,8,28.22,10,34.19,WYN,0.9,10.29,2.18,-2.22,13747.76272513704,4.078308535630383,0
301,0.12,20640.0,33.61,119,57.0,0,13994,3.34,24,3404,1.04,-6.7,7.14,71.4,6,20.0,2949,1.5,0.0,10.26,3,2.16,6,34.49,XEL,2.61,-1.11,-0.28,-10.55,34633.96504112808,4.111045828437133,0
302,1.14,14290.0,2.88,3338,61.0,0,1596,2.23,42,738,1.06,29.07,6.12,99.27,3,30.5,738,1.04,24.79,24.23,4,14.31,5,10.96,XLNX,2.96,6.56,-2.58,-7.79,15881.476964769648,2.16260162601626,1
303,0.91,343930.0,8.19,3705,51.0,0,38687,3.54,34,30931,1.18,0.28,-37.61,52.36,9,4.6,19066,1.06,0.0,5.24,-1,4.88,5,8.01,XOM,11.41,-5.05,-5.61,-13.2,382616.88021725777,1.2507516730787882,0
304,1.22,7170.0,1.7,1523,56.0,0,7367,4.46,47,2063,1.02,6.29,-982.93,85.92,11,6.3,1400,1.19,3.04,6.85,5,19.7,10,8.66,XRX,13.48,-23.44,-8.3,-37.93,14536.261754726127,3.5710130877363064,1
305,1.23,8820.0,3.51,680,51.0,0,1274,1.25,80,606,1.13,9.51,-14.58,93.47,4,12.0,478,1.09,2.7,15.18,8,24.2,5,14.29,XYL,1.45,-1.77,-1.13,-10.62,10092.877887788778,2.102310231023102,1
306,0.75,23810.0,6.8,840,58.0,0,3977,2.63,11,2726,1.13,7.65,64.2,75.65,38,16.7,1864,1.04,0.0,0.0,8,12.07,8,16.09,YUM,2.93,1.9,0.75,-2.02,27786.69185619956,1.458914159941306,0
307,1.08,27320.0,4.85,1154,64.0,0,4868,0.77,72,1395,1.2,9.58,26.32,95.89,1,20.2,705,1.03,7.72,48.97,13,29.23,5,35.74,ZTS,3.26,7.69,3.25,-0.05,32187.172759856632,3.489605734767025,1
