,beta,cap,capex,cash,ceo_age,ceo_good,debt,div,dso,ebitda,eps_gr,fcf,hist_eps,inst,inv,marg,ocf,px_gr,rd,roe,score,sg,sic_num,tax,ticker,vol,yr_200_hi,yr_50_hi,yr_hi
0,1.0,6890.0,4.24,853,0,False,1445,1.25,20,1028,0.92,-9.61,0.0,0.0,6,-6.5,-497,0.93,0.44,-11.81,0,3.89,5,0.0,AA,4.75,27.4,16.75,-3.24
1,1.0,22660.0,14.49,6949,54,False,20754,0.89,16,8900,1.15,0.81,-43.78,79.37,14,14.0,6125,1.23,0.0,139.04,5,29.51,6,0.0,AAL,6.73,7.13,-7.16,-13.03
2,1.06,11950.0,2.92,91,58,False,1232,0.15,16,1147,1.07,3.16,-6.13,0.0,1,8.2,579,1.09,0.0,17.09,15,36.51,8,37.71,AAP,1.05,1.56,-4.7,-8.71
3,1.14,682750.0,5.94,67155,55,True,87032,1.87,22,68986,1.12,24.05,2.44,60.57,51,27.1,65417,1.07,4.82,34.69,40,6.55,5,25.85,AAPL,31.63,14.2,7.87,-1.88
4,0.87,19310.0,0.35,2768,54,False,4481,1.75,22,2020,1.1,1.0,-23.97,73.0,12,1.4,1997,1.04,0.0,78.77,7,1.41,7,31.55,ABC,2.78,6.68,6.62,-5.11
5,0.84,3360.0,14.13,11,62,False,2240,0.0,34,384,1.04,-0.38,-423.81,0.0,0,16.2,358,1.32,0.0,-0.06,14,26.59,10,107.73,ACHC,1.22,-12.24,5.27,-41.0
6,1.92,5630.0,1.1,692,52,False,4125,0.0,74,926,1.08,3.58,300.0,87.43,0,2.2,814,1.17,0.0,2.84,9,0.66,10,0.0,ACM,1.55,9.77,-1.32,-10.17
7,1.17,70760.0,1.38,4908,56,True,27,2.11,43,5516,1.09,12.82,23.44,80.95,0,13.9,5016,1.14,0.0,64.54,19,15.63,10,20.43,ACN,2.53,-2.25,-3.05,-9.61
8,0.86,25300.0,1.49,2106,54,False,5877,2.72,12,2221,1.3,2.59,41.46,75.84,8,2.4,2539,1.02,0.0,8.89,2,3.27,5,16.63,ADM,3.42,0.06,-2.37,-8.17
9,1.0,6090.0,2.6,2139,0,False,3564,0.0,45,1059,1.1,-8.74,0.0,29.87,22,2.3,-1034,1.02,0.0,-31.17,6,7.26,5,471.54,ADNT,1.37,18.94,8.61,-3.53
10,0.38,12700.0,35.57,292,54,False,7576,3.4,31,2152,1.03,-1.82,7.8,69.18,3,22.8,2034,1.0,0.0,9.15,4,0.0,6,37.01,AEE,1.38,3.82,0.44,-3.24
11,1.13,7460.0,16.99,2041,58,False,20807,4.21,59,3814,1.13,2.99,0.0,96.1,17,16.5,2811,1.09,0.0,-8.25,3,1.29,6,54.82,AES,5.69,-5.63,-2.61,-15.05
12,1.02,5010.0,2.71,427,63,False,1235,0.89,50,646,1.05,1.75,-35.06,92.67,3,3.9,325,0.9,3.93,5.5,-2,11.89,5,42.64,AGCO,0.89,18.09,3.51,-3.08
13,1.11,86140.0,2.51,1105,46,False,42726,1.32,49,4748,1.18,15.85,190.29,89.15,4,-8.3,3064,1.13,12.54,17.88,17,29.58,5,0.0,AGN,5.2,2.75,9.56,-23.78
14,1.0,12000.0,25.49,550,63,False,4899,4.57,38,1277,1.12,2.92,29.63,13.2,5,17.1,1614,1.06,0.0,6.32,4,0.0,6,33.38,AGR,0.57,-3.47,1.36,-16.89
15,1.42,10420.0,5.79,214,51,False,3852,1.29,57,918,1.15,8.27,94.83,90.15,3,21.0,496,1.06,2.75,6.7,9,14.59,5,7.84,ALB,0.93,9.11,1.51,-3.38
16,0.89,11650.0,11.62,1328,55,False,686,1.17,13,1669,1.07,15.37,-3.27,91.82,38,23.6,1561,1.06,0.0,34.08,9,28.99,6,35.11,ALK,1.21,24.25,3.49,-1.81
17,1.0,6300.0,1.55,203,58,False,1546,0.73,45,438,1.09,12.45,-107.14,94.26,5,18.5,309,1.16,0.0,272.04,10,25.19,10,20.85,ALLE,0.75,-3.29,0.15,-10.71
18,0.59,3320.0,3.04,508,45,False,3076,0.0,67,590,1.18,6.02,0.0,95.54,3,1.9,217,1.36,4.81,-4.14,3,37.7,5,0.0,ALR,0.71,-5.71,-3.03,-29.6
19,1.24,5780.0,3.5,252,59,False,2378,1.72,42,696,1.18,28.42,0.0,96.96,6,20.5,590,1.03,4.75,14.3,10,17.4,5,37.4,ALSN,1.35,14.86,2.41,-2.76
20,1.38,28880.0,10.36,1385,63,False,3456,0.0,73,725,1.18,19.91,-151.85,98.65,0,21.6,894,1.3,25.13,4.45,16,31.69,5,31.68,ALXN,3.17,1.57,-0.03,-20.38
21,1.85,37600.0,2.34,3749,58,False,3343,1.15,67,2671,1.07,20.44,96.43,85.01,3,19.9,2466,1.04,14.23,23.21,20,7.57,5,14.51,AMAT,10.44,15.94,5.09,-0.63
22,1.0,3960.0,2.37,316,65,False,2702,0.0,82,1572,1.06,15.96,-8.08,97.97,3,26.4,496,1.12,0.0,0.0,6,23.68,6,31.28,AMCX,0.87,5.33,2.72,-22.39
23,1.12,11810.0,1.67,381,51,False,1942,0.7,57,1094,1.06,16.72,-13.85,91.11,4,21.7,709,1.09,0.0,16.14,14,11.86,5,26.11,AME,2.18,6.17,1.81,-3.38
24,1.19,118220.0,3.42,31382,53,False,31556,2.98,49,10408,1.07,35.02,9.84,81.18,1,41.4,8673,1.14,17.09,25.83,14,22.85,5,13.72,AMGN,3.9,-0.18,4.24,-10.14
25,1.5,399040.0,4.72,19808,52,True,17547,0.0,17,8050,1.81,6.69,205.88,66.28,8,3.2,14603,1.1,11.81,13.93,42,19.55,8,39.96,AMZN,4.07,7.35,5.92,-0.87
26,1.12,5250.0,1.19,74,67,False,2367,0.0,2,998,1.07,1.19,0.96,93.4,5,4.0,510,1.0,0.0,18.4,3,10.87,8,38.58,AN,0.95,7.72,2.74,-3.97
27,1.21,22390.0,56.19,1467,49,False,8778,1.67,89,3604,-1.5,-12.48,-89.3,97.74,3,-472.4,2125,1.11,0.0,-221.22,3,8.04,2,0.0,APA,3.32,-0.82,-7.02,-14.48
28,1.49,38610.0,50.75,939,59,False,15751,0.28,98,3997,3.02,-22.43,-63.49,89.05,12,-54.8,2134,1.18,0.0,-28.52,29,18.63,2,0.0,APC,4.36,11.01,-2.04,-5.8
29,1.27,30310.0,10.97,1501,71,False,6225,2.7,44,3060,1.1,19.26,-17.96,86.1,12,21.6,2885,1.08,1.36,7.81,9,8.88,5,27.26,APD,1.43,-0.92,-4.26,-7.42
30,0.87,20720.0,2.93,1173,46,False,3011,0.96,74,1459,1.07,14.4,9.23,0.0,4,19.0,1051,1.03,0.0,22.99,6,12.54,5,27.06,APH,1.18,3.73,-0.9,-3.02
31,1.0,8280.0,3.56,153,57,False,5271,1.23,38,1529,1.13,2.04,47.83,95.83,22,5.2,807,1.17,0.0,14.23,8,1.97,8,33.11,ARMK,2.11,-6.45,-2.47,-11.7
32,1.32,5460.0,0.94,879,68,False,1540,0.0,51,544,1.12,6.42,38.89,87.22,9,1.5,455,1.21,9.49,-1.69,7,7.23,5,0.0,ARRS,1.61,1.14,-4.29,-8.76
33,1.29,6560.0,0.7,273,57,False,2425,0.0,83,1044,1.05,2.12,11.3,98.35,8,3.6,680,0.96,0.0,12.04,4,8.55,7,27.66,ARW,0.5,9.73,0.78,-1.63
34,0.97,7330.0,5.83,1188,54,False,3244,1.32,62,925,0.7,6.41,-100.74,90.79,4,6.3,609,1.06,1.97,-4.16,8,24.97,7,368.97,ASH,0.61,3.12,5.28,-5.69
35,0.35,7810.0,32.45,57,65,False,3269,2.41,26,1007,1.06,-8.72,39.13,70.63,6,19.9,795,1.03,0.0,10.52,5,16.74,6,36.4,ATO,0.46,1.18,0.83,-8.41
36,0.99,4580.0,5.9,522,0,False,820,1.76,69,465,1.06,6.82,-1.2,92.31,4,13.3,297,1.04,0.0,16.31,1,15.84,5,29.02,ATR,0.31,-3.36,-0.28,-10.31
37,1.08,81440.0,5.46,3097,64,True,13642,2.0,44,3825,1.07,20.3,-205.81,0.0,7,-3.1,3411,1.04,20.2,-14.73,31,6.09,5,0.0,AVGO,3.02,17.32,10.19,-0.81
38,1.17,5940.0,0.55,1031,58,False,2492,1.46,59,993,1.2,0.91,-31.9,96.09,8,2.8,380,1.04,0.0,8.36,0,8.62,7,29.54,AVT,0.92,6.68,-1.97,-9.83
39,1.07,7150.0,2.91,176,44,False,1059,2.25,63,718,1.2,6.39,11.36,90.7,8,9.7,557,1.02,0.0,30.1,5,18.1,5,28.74,AVY,0.78,7.94,10.99,-0.62
40,1.33,2150.0,6.18,251,54,False,1003,0.0,26,283,1.09,-3.82,121.05,0.0,8,8.1,57,1.12,0.0,12.24,2,17.44,5,45.07,AWI,0.52,-5.85,-4.83,-14.86
41,0.21,12990.0,39.14,66,56,False,6556,2.09,33,1512,1.06,-1.12,-13.54,84.15,0,32.4,1248,1.08,0.0,8.96,10,0.0,6,38.85,AWK,1.01,-1.73,1.07,-14.41
42,1.0,7080.0,3.52,488,57,False,3441,0.0,62,873,1.26,10.22,-126.67,0.0,4,11.7,560,1.05,1.34,9.45,11,22.99,5,30.8,AXTA,2.15,7.53,5.45,-3.35
43,1.32,9040.0,2.35,413,59,False,355,0.25,50,558,1.19,7.43,18.47,95.46,6,14.4,333,1.15,0.0,19.19,9,28.52,5,34.7,AYI,0.68,-16.77,-7.17,-26.52
44,0.56,20750.0,4.67,197,51,False,4969,0.0,8,2358,1.1,10.61,12.91,99.58,1,19.4,1637,1.21,0.0,0.0,17,33.37,8,34.84,AZO,0.32,-5.9,-6.63,-11.54
45,1.11,100140.0,2.78,10029,52,False,9952,3.43,35,7448,1.09,8.59,45.75,75.51,1,5.1,10786,1.05,5.07,97.13,10,3.74,5,6.0,BA,3.39,13.6,1.98,-4.55
46,1.04,5180.0,0.91,188,48,False,1597,1.83,39,506,1.08,5.31,-47.89,84.56,0,8.1,351,1.15,0.0,53.22,9,40.86,10,36.38,BAH,1.56,4.93,-3.9,-10.48
47,0.77,26150.0,7.63,7361,53,False,6520,1.11,63,1447,1.28,7.6,0.0,85.88,3,6.1,1541,1.09,6.43,59.72,3,27.75,5,0.0,BAX,3.64,3.03,5.37,-4.15
48,1.61,13910.0,1.52,3466,56,False,1734,2.52,10,2141,1.06,4.18,69.44,91.4,4,4.4,2254,1.04,0.0,24.69,3,19.15,8,36.39,BBY,5.64,10.5,-0.51,-10.3
49,1.92,5410.0,3.78,469,63,False,443,1.12,36,529,1.15,4.76,14.81,0.0,4,8.0,375,1.08,3.14,18.28,15,15.54,5,25.85,BC,0.99,20.01,7.3,-1.95
50,1.05,37650.0,5.75,1568,62,False,11551,1.67,47,3272,1.09,14.75,-90.36,85.08,3,11.5,2559,1.05,6.63,13.19,9,24.07,5,9.02,BDX,1.18,2.83,4.38,-2.42
51,1.1,6210.0,4.44,323,0,False,5755,0.0,32,1138,1.17,8.77,56.41,0.0,8,9.0,857,1.12,0.0,314.67,10,8.18,5,23.38,BERY,1.31,10.84,0.48,-3.83
52,0.84,0.0,2.67,263,52,False,1501,0.0,83,1034,0.0,14.89,3.09,16.43,0,49.8,532,0.0,0.0,78.47,1,35.39,0,27.78,BF.A,0.0,0.0,0.0,0.0
53,0.84,0.0,2.67,263,52,False,1501,0.0,83,1034,0.0,14.89,3.09,16.43,0,49.8,532,0.0,0.0,78.47,1,35.39,0,27.78,BF.B,0.0,0.0,0.0,0.0
54,0.95,9610.0,1.84,2426,54,False,4776,2.48,15,1414,1.38,-0.13,-46.79,82.44,7,2.6,718,1.12,0.0,10.45,9,3.16,5,17.18,BG,1.02,5.2,-1.89,-6.85
55,0.91,5580.0,6.01,790,70,False,436,0.0,62,293,1.08,1.59,5.08,80.53,1,6.6,157,1.11,9.99,3.83,2,38.21,5,20.79,BIO,0.19,13.56,1.98,-2.76
56,1.8,2860.0,7.46,121,56,False,6433,0.0,10,837,0.78,-0.12,-24.32,0.0,0,2.8,367,1.05,0.0,-12.46,4,14.27,10,0.0,BKD,4.52,1.04,9.32,-20.85
57,1.0,2530.0,7.69,186,55,False,1662,0.0,60,393,1.35,22.22,6.67,90.16,0,22.7,300,1.11,0.0,5.25,8,0.28,10,16.57,BKFS,0.2,-0.05,3.76,-9.04
58,0.99,12820.0,6.77,224,50,False,5131,0.68,53,1107,1.24,-7.05,-100.0,87.22,5,4.9,-23,1.16,0.0,11.16,7,5.46,5,0.0,BLL,1.22,-5.05,-3.85,-10.85
59,0.91,4520.0,5.01,74,57,False,1545,2.37,42,590,1.08,7.21,12.5,78.45,5,10.0,489,1.03,1.13,18.41,-1,10.09,5,32.88,BMS,0.8,-2.77,-0.9,-9.96
60,1.09,8090.0,5.08,728,62,False,1023,1.99,51,630,1.16,6.64,0.0,84.75,0,15.9,374,1.08,0.0,31.15,2,13.6,10,34.39,BR,0.52,2.02,2.7,-5.24
61,0.89,5060.0,3.28,1257,0,False,1579,1.76,40,463,1.04,14.19,-20.0,83.44,15,13.1,410,0.99,17.62,8.42,-1,32.06,5,18.36,BRCD,8.22,16.64,-0.08,-0.64
62,0.82,267.69,6.3,71730,85,False,84289,0.0,0,45292,0.0,8.63,-23.67,67.44,0,14.6,32507,0.0,0.0,8.99,2,21.31,9,25.57,BRKB,3.85,6.86,-0.28,-2.64
63,0.91,3800.0,2.31,470,56,False,267,0.69,52,245,0.99,9.4,314.29,69.45,1,10.6,189,1.03,9.11,20.08,0,24.8,5,5.81,BRKR,0.69,6.11,6.67,-20.64
64,1.09,34080.0,3.6,319,51,False,5677,0.0,59,1559,1.13,6.62,-213.33,92.75,2,0.4,835,1.09,11.11,1.26,20,38.2,5,0.0,BSX,8.37,9.45,10.3,-0.85
65,0.53,5770.0,3.41,49,63,False,1304,0.0,3,471,1.18,5.96,125.0,0.0,3,6.5,510,1.16,0.0,0.0,14,30.91,8,36.4,BURL,1.25,2.27,-3.03,-10.0
66,1.6,8680.0,5.74,590,53,False,2567,1.31,67,1330,1.05,5.34,-44.29,0.0,11,9.9,990,1.01,0.0,14.46,4,9.0,5,32.24,BWA,2.36,12.62,1.47,-2.88
67,0.35,4120.0,3.11,174,55,False,300,0.86,43,254,1.11,8.3,-59.38,96.65,0,13.4,172,1.1,0.44,67.1,5,13.34,5,32.22,BWXT,0.87,6.65,3.02,-2.22
68,0.91,13100.0,1.09,2812,50,False,2092,3.28,48,1529,1.0,25.39,-5.66,72.61,0,30.2,1068,1.04,14.08,14.66,-1,33.4,10,30.73,CA,2.6,-4.12,-3.08,-10.4
69,1.33,4019.9999999999995,,252,58,False,2225,0.45,0,356,1.14,1.82,64.41,0.0,0,11.3,112,1.16,0.0,13.28,6,10.48,3,37.43,CAA,1.41,0.36,0.62,-15.44
70,0.45,3720.0,4.69,356,62,False,5635,0.0,2,457,1.13,8.52,-33.86,65.95,2,6.9,555,1.2,0.0,8.9,1,34.14,8,36.86,CAB,0.79,-4.79,-8.11,-14.69
71,0.32,17140.0,4.0,835,51,False,5528,2.04,26,1624,1.1,8.47,-20.0,78.95,5,9.3,1398,1.04,0.0,15.88,7,17.95,5,48.19,CAG,3.51,6.68,1.26,-1.48
72,0.75,23810.0,0.38,2356,60,False,5539,2.45,21,3183,1.1,2.11,-16.52,88.51,11,1.9,3127,1.07,0.0,20.79,5,2.97,7,38.36,CAH,2.93,-2.11,0.52,-15.31
73,2.13,3290.0,144.15,452,56,False,12321,0.0,32,2953,1.17,-113.66,28.81,0.0,0,10.7,2647,1.16,0.0,35.2,5,12.69,10,42.02,CAR,1.85,2.5,0.42,-9.85
74,0.48,4470.0,5.49,76,56,False,838,0.85,1,561,1.14,0.97,-28.0,88.69,26,5.1,455,1.17,0.0,18.99,10,15.76,8,34.07,CASY,0.52,-6.62,-3.51,-16.3
75,1.26,54930.0,8.16,7168,63,False,36783,3.18,137,6029,1.43,6.28,-22.58,72.45,2,2.6,5774,0.99,5.12,3.8,3,11.77,5,6.1,CAT,4.87,6.42,-0.64,-5.72
76,1.76,10310.0,1.46,613,59,False,4430,0.0,89,977,1.06,2.06,-29.55,99.59,0,5.2,456,1.11,0.0,17.81,7,22.21,9,35.84,CBG,2.29,5.05,-1.39,-7.5
77,2.06,3270.0,0.55,554,65,False,2603,0.84,41,1229,0.93,4.8,-117.09,70.8,37,4.9,612,1.13,0.0,13.47,5,3.17,3,19.3,CBI,1.7,3.22,-2.08,-20.9
78,1.67,27560.0,1.48,323,66,False,8448,1.12,86,3107,1.08,12.9,21.59,18.14,5,18.8,2077,1.07,0.0,29.13,27,17.67,6,26.7,CBS,4.29,11.97,0.33,-4.09
79,1.15,3590.0,4.65,200,48,False,926,2.17,70,481,1.07,11.61,36.07,88.85,4,10.4,392,0.96,2.2,11.8,1,11.41,5,17.53,CBT,0.32,12.44,8.27,-5.09
80,1.37,7490.0,5.03,717,53,False,5518,0.0,40,1280,1.04,7.09,29.7,92.56,5,12.3,1017,1.14,0.0,163.22,9,4.77,5,25.29,CCK,0.93,-0.07,0.59,-6.09
81,0.75,40160.0,18.68,603,61,False,9454,2.52,7,4809,1.15,12.64,140.0,82.03,28,18.7,5134,1.03,0.0,11.99,11,13.41,6,1.73,CCL,3.5,12.21,3.28,-4.29
82,1.43,1780.0,8.29,413,62,False,5161,0.0,87,663,-0.28,4.92,50.0,79.56,0,18.3,363,1.11,0.0,0.0,1,23.4,10,81.96,CCO,0.08,-15.6,0.71,-32.28
83,1.0,9550.0,3.44,219,50,False,1217,0.9,59,526,1.23,15.24,37.84,84.74,0,19.5,401,0.93,0.0,42.88,1,21.61,10,31.26,CDK,0.64,10.18,5.53,-1.8
84,1.0,8480.0,0.63,38,61,True,3260,1.25,50,976,1.08,2.84,-13.64,0.0,26,5.8,481,0.98,0.0,39.73,8,10.82,8,36.97,CDW,0.77,11.0,0.91,-4.8
85,1.26,12570.0,5.08,997,64,False,2981,1.71,53,1084,1.17,14.8,69.16,0.0,5,8.7,1076,0.96,1.46,16.14,9,7.98,5,26.16,CE,0.8,21.21,6.68,-1.31
86,0.95,18360.0,15.7,513,66,True,605,0.0,75,1325,1.11,9.24,16.67,84.46,35,19.6,1175,1.1,11.6,16.09,12,50.6,10,29.84,CERN,3.55,-5.01,8.14,-19.88
87,1.47,4970.0,2.09,197,48,False,1418,0.0,92,505,1.06,4.63,53.33,79.36,5,6.3,254,0.98,0.0,4.43,5,22.79,5,25.26,CFX,0.71,22.71,8.17,-1.91
88,0.4,11800.0,1.3,330,59,False,1050,1.57,31,770,1.07,18.64,4.44,81.16,6,20.7,692,1.02,0.0,21.95,0,24.78,5,34.74,CHD,2.13,-2.6,1.87,-14.98
89,2.08,4910.0,24.91,1191,49,False,10764,0.0,46,1058,-11.14,-22.21,-78.25,0.0,0,-80.0,229,1.19,0.0,0.0,1,-24.8,2,0.0,CHK,49.16,0.37,-8.5,-21.85
90,0.44,10610.0,0.64,168,55,False,950,2.35,48,925,1.07,4.23,-6.25,86.53,0,6.6,631,1.02,0.0,43.12,-1,11.04,6,37.07,CHRW,1.44,4.71,0.86,-3.84
91,0.88,3080.0,4.56,122,54,False,1364,0.0,51,357,1.02,16.48,25.81,89.6,0,13.1,393,1.17,0.0,13.59,6,24.71,10,30.73,CLGX,0.7,-7.88,-1.39,-17.87
92,1.47,17900.0,66.49,105,70,False,7118,0.0,69,1821,-0.48,-1.41,36.36,23.56,5,-29.2,1305,1.26,0.0,-12.52,24,7.95,2,0.0,CLR,2.88,-2.81,-5.99,-19.89
93,0.34,15450.0,3.49,401,52,False,2320,2.66,30,1233,1.06,10.29,3.82,72.98,7,18.2,801,1.01,2.44,321.08,0,24.29,5,33.47,CLX,1.0,-2.41,-0.32,-14.54
94,1.05,181140.0,13.76,3301,56,False,61046,0.84,35,26417,1.15,9.72,15.0,84.98,0,21.1,18462,1.09,0.0,15.91,26,36.8,6,37.22,CMCSA,10.89,11.17,4.65,-2.22
95,1.19,24520.0,4.06,1811,53,False,1639,2.79,61,2602,0.99,8.52,-19.63,83.9,4,9.3,2238,0.96,3.69,16.03,4,11.45,5,24.24,CMI,1.57,11.98,4.18,-2.67
96,0.53,2750.0,21.53,58,52,False,727,3.39,47,297,1.25,-6.3,-66.25,0.0,2,18.4,150,0.89,0.0,19.08,0,10.79,2,23.43,CMP,0.26,8.14,0.96,-3.54
97,0.11,11920.0,29.36,285,47,False,9514,3.16,37,1934,1.07,-6.05,26.42,92.45,3,20.0,1461,1.04,0.0,14.21,5,0.0,6,33.03,CMS,1.88,1.61,2.11,-7.68
98,0.95,4890.0,11.27,589,62,False,2009,2.54,9,629,1.18,6.09,40.0,89.9,79,14.9,508,1.02,0.0,20.34,9,38.03,10,36.33,CNK,0.72,7.61,5.76,-1.05
99,0.55,11250.0,20.72,1193,50,False,8814,4.13,31,1880,1.07,4.13,-145.05,76.7,7,13.0,1799,0.96,0.0,-4.73,3,0.0,6,0.0,CNP,3.53,10.5,3.92,-0.47
100,1.48,3870.0,12.74,73,47,False,3707,0.0,27,633,2.22,5.68,-78.84,0.0,18,2.1,488,1.32,0.0,-11.52,4,9.0,2,0.0,CNX,3.73,-8.72,-9.47,-24.53
101,0.61,9860.0,34.0,1,62,False,2025,0.38,37,583,-2.0,2.47,-50.0,90.63,36,-25.1,408,1.31,0.0,-9.45,18,7.52,2,0.0,COG,6.33,-9.39,-5.04,-20.73
102,0.46,10370.0,9.12,1319,49,False,876,3.75,19,972,1.1,6.72,20.0,90.67,2,15.1,713,1.15,0.0,18.51,18,53.16,5,26.16,COH,3.34,-1.31,3.86,-15.37
103,0.79,11920.0,3.67,340,55,False,2176,1.45,81,1284,1.07,10.08,14.49,80.31,1,18.6,723,1.09,0.0,36.83,9,12.13,5,22.25,COL,1.35,3.75,-1.8,-6.41
104,1.0,7360.0,1.37,563,67,False,5244,0.0,71,702,1.13,11.76,-214.29,0.0,5,9.8,642,1.05,4.13,6.78,13,18.24,5,42.5,COMM,2.1,16.03,3.32,-0.43
105,0.52,9080.0,7.76,101,69,False,1333,0.03,53,610,1.12,18.14,64.0,0.0,1,16.5,510,1.05,3.33,10.21,11,36.75,5,7.0,COO,0.54,4.12,4.22,-2.58
106,1.14,60590.0,25.16,2368,54,False,24880,2.11,57,7111,-0.13,-6.08,-3.45,66.14,17,-28.9,4556,1.18,0.0,-17.49,17,3.51,5,0.0,COP,7.03,9.02,-3.23,-8.03
107,0.9,73790.0,2.17,4729,63,False,5535,1.1,4,4927,1.11,2.23,13.76,73.59,9,3.1,5274,1.04,0.0,21.16,22,10.26,8,34.0,COST,2.19,6.62,3.56,-0.94
108,0.28,14430.0,4.5,372,45,False,4163,2.65,65,746,1.22,4.05,-100.0,51.98,2,5.1,369,1.09,0.0,5.54,4,46.85,5,27.87,COTY,6.99,-14.54,2.63,-38.83
109,1.57,4070.0000000000005,,685,57,False,1301,2.11,19,401,1.42,16.89,0.0,99.31,18,11.4,465,1.0,0.0,-8.48,5,21.63,6,0.0,CPA,0.37,10.49,1.78,-4.26
110,0.45,19440.0,3.99,306,62,False,3533,2.24,38,1446,1.04,14.1,51.61,44.92,5,15.4,1440,0.94,1.48,44.02,-4,18.88,5,33.29,CPB,1.87,8.71,3.46,-6.76
111,1.06,4130.0,7.47,2820,48,False,12089,0.0,38,1251,2.1,7.31,9.21,0.0,10,9.5,971,1.35,0.0,0.66,12,2.19,6,0.0,CPN,4.55,-7.02,-2.14,-30.2
112,0.98,6390.0,14.48,156,46,False,640,0.0,72,455,1.11,10.41,235.71,81.36,84,32.1,330,1.07,0.0,42.22,3,10.86,8,7.59,CPRT,0.57,4.13,-1.23,-3.86
113,1.21,4340.0,1.82,364,52,False,799,1.79,56,458,1.09,8.44,10.31,70.73,4,14.4,282,1.02,0.0,20.9,3,21.57,5,29.67,CR,0.34,9.23,0.83,-6.4
114,0.99,3880.0,3.69,139,65,False,863,0.0,65,313,1.12,14.7,0.0,98.65,9,14.1,288,1.05,0.0,18.06,9,22.35,10,31.13,CRL,0.53,2.94,4.57,-8.16
115,1.32,55830.0,4.91,1341,51,True,2056,0.0,54,919,1.31,18.7,25.0,85.32,0,1.4,1867,1.17,14.1,3.56,42,58.59,10,0.0,CRM,6.05,6.84,8.89,-5.15
116,0.89,8860.0,7.75,1244,63,False,2644,0.91,101,861,1.15,-0.14,-91.6,98.34,0,2.1,560,1.06,0.0,-3.52,5,14.92,10,0.0,CSC,1.73,15.51,3.57,-0.65
117,1.39,156550.0,2.37,65756,49,False,28643,3.37,35,15123,1.05,25.3,-4.17,77.63,13,25.5,13534,1.06,12.84,17.23,20,23.35,5,16.53,CSCO,22.59,1.64,2.56,-2.38
118,0.78,6940.0,2.75,411,51,False,749,1.26,60,648,1.05,11.77,-109.62,89.79,6,16.1,531,1.14,1.3,10.52,5,13.88,5,38.92,CSL,0.35,0.39,-2.45,-7.6
119,1.0,5200.0,3.91,130,60,False,2935,1.29,49,496,1.02,4.32,0.0,93.53,0,7.6,399,1.11,0.0,22.62,6,4.41,10,27.7,CSRA,1.34,11.81,-0.73,-5.13
120,1.08,3640.0,3.56,314,51,False,1456,0.52,5,467,1.14,-0.47,204.46,87.82,41,5.1,333,1.0,0.0,31.55,1,9.07,8,38.64,CST,0.43,1.46,-0.13,-0.56
121,1.27,43490.0,20.74,1020,65,True,11293,1.52,32,4690,1.13,10.19,-7.69,71.61,9,29.4,3346,0.96,0.0,14.77,15,28.72,6,36.95,CSX,12.27,40.99,16.34,-5.5
122,0.87,12080.0,6.08,210,56,False,1300,0.9,41,947,1.06,3.82,-57.84,68.16,11,15.9,503,1.08,0.0,26.67,5,28.11,5,33.5,CTAS,0.67,2.19,-1.29,-5.92
123,0.74,13790.0,16.1,126,63,False,20225,8.36,40,6826,0.92,10.56,-24.32,73.95,57,15.2,4708,1.13,0.0,6.55,3,18.1,6,32.99,CTL,9.15,-6.02,0.99,-24.6
124,1.32,31530.0,2.16,4950,47,False,1287,0.0,63,2543,1.08,10.75,12.31,88.62,0,17.2,1712,1.22,0.0,16.33,20,20.06,10,33.79,CTSH,6.37,-5.84,-7.7,-18.07
125,1.58,11880.0,5.08,1684,51,False,1427,0.0,50,1063,1.1,28.26,140.0,98.5,48,15.5,1139,1.18,15.1,21.08,6,45.82,10,7.93,CTXS,1.33,-13.81,-17.22,-21.7
126,0.68,2050.0,23.36,171,54,False,2486,6.33,66,350,-0.4,-8.96,68.0,0.0,0,5.1,241,1.08,0.0,11.55,5,5.56,6,0.0,CVA,1.37,4.58,0.87,-10.42
127,0.83,80110.0,1.44,2547,60,True,27464,2.54,27,11792,1.0,5.23,28.83,83.63,10,5.8,11519,1.17,0.0,13.97,19,10.7,8,38.67,CVS,8.65,-12.72,-6.57,-29.58
128,0.27,44890.0,57.81,862,61,False,28951,4.01,41,5018,1.09,-18.48,10.0,67.48,2,30.7,4408,1.1,0.0,14.69,8,0.0,6,24.36,D,2.6,-4.3,-5.52,-9.3
129,0.83,34510.0,8.76,3642,58,False,7332,1.7,18,8854,1.08,10.29,2.42,84.07,21,19.3,7559,0.0,0.0,41.4,13,31.65,6,34.45,DAL,8.41,9.18,-5.49,-10.63
130,0.99,5540.0,2.85,243,57,False,569,1.65,68,365,1.1,11.81,48.28,84.46,5,13.2,327,0.97,0.0,27.74,0,0.0,5,25.87,DCI,0.7,7.84,-1.14,-9.36
131,1.72,65730.0,4.35,5967,60,False,8536,2.0,99,4737,1.09,7.87,-100.0,72.44,2,11.8,3084,1.06,6.91,19.57,7,17.56,5,18.19,DD,2.88,7.89,2.13,-2.79
132,0.88,1900.0,1.48,203,71,False,825,0.5,2,707,0.99,6.04,-43.7,0.0,2,5.5,493,0.99,0.0,11.06,-3,25.65,8,34.47,DDS,0.6,-9.99,-4.61,-35.83
133,0.78,34030.0,11.09,4789,62,False,35675,2.24,456,4424,1.16,3.04,-18.18,83.47,5,11.2,3764,0.95,5.21,22.97,4,11.08,5,31.48,DE,3.09,17.85,2.36,-1.0
134,0.87,20310.0,2.46,158,54,False,2970,1.39,0,2305,1.06,5.5,-2.33,96.9,4,9.4,1693,1.08,0.0,22.66,11,21.49,8,36.14,DG,3.15,-4.44,-0.41,-24.1
135,0.69,12670.0,3.45,359,58,False,3734,1.99,45,1395,1.05,10.22,-42.98,92.36,54,16.5,1026,1.0,0.0,14.66,4,22.79,10,34.19,DGX,1.12,7.07,0.32,-2.8
136,1.12,11180.0,0.7,1313,60,False,3272,1.3,0,1445,1.09,3.94,30.95,85.31,1,11.2,586,1.14,0.0,14.35,11,10.73,3,34.59,DHI,5.08,0.01,4.59,-13.34
137,1.03,57850.0,3.09,791,55,False,12870,0.62,56,4800,1.08,14.95,-72.14,78.78,5,17.5,4104,1.08,5.81,10.78,16,29.81,5,26.87,DHR,3.26,5.44,4.47,-1.3
138,1.23,176030.0,8.58,4610,65,True,20170,1.41,52,16684,1.12,15.17,15.79,59.92,20,25.8,13213,1.03,0.0,21.39,17,15.74,6,34.15,DIS,8.33,12.61,3.3,-1.23
139,1.59,12720.0,1.48,539,56,False,7735,0.0,87,2408,1.15,20.96,-16.28,81.92,0,30.5,1452,0.99,0.0,15.79,-5,25.84,6,26.96,DISCA,2.95,4.41,-0.13,-6.42
140,1.59,12410.0,1.48,539,56,False,7735,0.0,87,2408,1.13,20.96,-16.28,81.92,0,30.5,1452,1.04,0.0,15.79,-5,25.84,6,26.96,DISCK,1.52,4.88,-0.17,-6.05
141,1.09,28500.0,68.25,2168,63,False,13756,0.0,20,2980,0.89,-52.68,52.38,0.0,25,10.2,2358,1.2,0.0,27.47,9,8.68,6,37.46,DISH,2.17,10.24,1.85,-2.71
142,0.62,5720.0,5.25,119,61,False,6,1.15,5,737,1.21,4.01,7.32,94.52,2,6.8,712,1.26,0.0,18.16,20,23.42,8,37.34,DKS,2.24,-9.85,-5.57,-19.3
143,1.19,19910.0,4.8,536,53,False,4008,1.66,62,2456,1.06,7.23,-24.65,97.01,10,10.0,1953,1.12,0.0,47.99,16,6.69,5,20.01,DLPH,2.41,8.08,5.53,-5.76
144,0.61,18260.0,2.91,740,64,False,7346,0.0,0,1578,1.19,4.25,105.71,95.76,4,7.8,1465,1.2,0.0,17.48,11,22.75,8,32.15,DLTR,2.83,-7.15,-1.57,-22.57
145,1.43,4530.0,4.11,366,50,False,1824,1.57,83,465,1.04,15.66,-149.38,95.91,0,19.3,333,1.01,0.0,0.0,1,42.51,10,45.72,DNB,0.22,-3.7,0.92,-12.97
146,1.12,2210.0,38.01,136,55,False,2282,0.0,75,1083,0.77,5.17,-89.9,59.94,0,-45.4,762,1.07,0.0,-18.33,-7,3.65,2,0.0,DO,2.64,-11.89,-12.17,-39.67
147,1.2,12090.0,2.37,349,62,False,3622,2.24,66,1115,1.19,12.26,-30.25,89.11,5,11.2,981,1.04,0.0,13.31,4,25.57,5,24.66,DOV,1.45,6.99,0.49,-5.49
148,1.14,66460.0,8.71,6607,61,False,21363,3.06,35,8094,1.06,4.08,-42.2,70.53,4,11.9,5956,1.09,3.35,33.23,14,6.76,5,9.22,DOW,6.97,9.61,2.77,-2.67
149,0.59,16820.0,3.42,920,61,False,3382,2.34,32,1573,1.07,11.42,22.86,93.15,12,22.2,951,1.02,0.0,40.08,1,36.24,5,34.09,DPS,1.4,0.95,1.12,-7.31
150,1.33,3690.0,2.75,196,53,False,509,1.2,34,343,1.13,5.88,298.08,88.79,0,10.6,249,1.11,0.0,40.75,4,0.0,10,34.6,DST,0.23,2.18,4.16,-10.46
151,0.22,17710.0,19.14,189,57,False,9807,3.4,45,2276,1.0,2.38,27.89,67.31,6,12.5,2205,1.02,0.0,9.11,7,0.0,6,22.08,DTE,0.99,3.56,0.54,-1.72
152,0.17,53590.0,31.68,857,56,False,43202,4.43,44,9186,0.98,-2.12,25.93,58.07,2,23.6,6872,1.02,0.0,7.11,-1,0.0,6,29.96,DUK,3.33,-1.45,0.73,-11.35
153,1.01,12790.0,5.64,1990,60,True,9130,0.0,44,2496,0.93,7.53,176.0,88.13,56,12.1,1918,1.0,0.0,14.46,3,10.91,10,35.21,DVA,1.8,-0.67,0.75,-17.76
154,2.12,23900.0,42.24,2353,59,False,13113,0.53,32,2788,-13.07,-22.71,-121.88,78.93,0,-76.3,2291,1.16,0.0,-93.95,26,-3.23,2,0.0,DVN,4.84,5.33,-2.18,-9.94
155,0.75,24900.0,2.64,3834,41,False,1152,0.0,67,1083,1.12,22.56,-71.11,0.0,24,22.3,1146,1.14,24.92,37.19,16,22.87,10,0.0,EA,3.09,2.54,2.6,-4.13
156,0.19,2180.0,3.57,31,57,False,1118,3.02,4,491,1.08,9.19,-22.22,0.0,55,9.3,415,1.09,0.0,0.0,0,3.95,8,29.5,EAT,1.54,-13.4,-9.08,-21.74
157,1.26,35340.0,6.95,7149,49,False,8960,0.0,25,3007,1.09,29.5,-20.0,86.84,0,26.4,3246,1.06,11.8,27.15,12,36.67,10,19.02,EBAY,10.58,5.21,5.23,-3.72
158,0.93,35050.0,5.67,152,57,True,6465,1.22,66,2809,1.11,10.19,47.67,87.06,5,12.7,2096,1.02,0.0,15.71,11,32.63,5,22.8,ECL,0.94,1.05,0.61,-3.52
159,0.05,22580.0,27.69,947,55,False,14274,3.77,35,3743,1.04,0.59,11.72,55.44,9,20.7,3414,0.98,0.0,8.9,-5,0.0,6,35.17,ED,1.68,-0.4,1.08,-9.52
160,1.37,3720.0,4.24,503,59,False,424,0.0,67,275,1.13,6.29,94.74,93.87,21,12.9,201,1.26,0.0,20.8,8,23.13,9,23.06,EEFT,0.33,-7.2,-2.24,-16.02
161,0.82,14090.0,6.1,93,56,False,1195,1.12,48,913,1.08,18.14,11.22,89.97,0,26.3,729,1.14,0.0,19.21,10,30.69,10,32.24,EFX,0.91,-6.54,-0.87,-14.11
162,0.16,23510.0,34.12,240,50,False,11962,3.02,63,4018,1.04,2.75,-0.78,83.7,14,16.4,4176,1.07,0.0,7.57,10,0.0,6,28.73,EIX,1.66,-0.26,0.49,-8.35
163,0.87,30170.0,4.61,1383,58,True,2242,1.68,51,2237,1.1,9.83,-3.66,94.1,1,14.0,1631,1.09,0.0,30.77,12,65.16,5,27.21,EL,2.17,-2.89,4.47,-15.54
164,1.35,11360.0,6.64,293,50,False,7039,2.63,37,2293,1.08,10.53,-8.77,86.81,4,14.4,1553,1.09,2.72,20.73,11,8.17,5,17.76,EMN,1.4,9.35,0.64,-3.64
165,1.21,37920.0,3.08,3182,61,False,6646,3.25,90,3358,1.13,16.76,-30.61,72.91,5,19.3,2881,0.93,0.0,20.9,-2,23.85,5,30.1,EMR,3.63,8.57,2.78,-3.18
166,0.54,2810.0,4.74,858,53,False,8581,0.0,119,1036,0.95,13.03,-80.48,98.88,3,-9.9,683,1.59,4.71,-2.05,9,20.04,5,0.0,ENDP,6.2,-30.39,-13.36,-77.78
167,1.0,3290.0,1.8,287,54,False,1043,2.18,43,285,1.11,9.48,44.76,97.86,4,15.7,190,1.03,1.56,0.0,7,27.08,5,23.14,ENR,0.71,12.38,12.79,-1.17
168,0.93,57860.0,38.11,719,63,False,6661,0.66,52,3203,-0.39,-7.3,-95.31,87.51,3,-20.6,2170,1.11,0.0,-9.88,23,32.76,2,0.0,EOG,3.63,5.74,-3.02,-8.23
169,0.87,4410.0,2.94,739,55,False,1844,0.0,41,449,1.09,4.53,-124.86,88.82,3,14.3,176,1.11,3.04,9.68,3,31.73,5,18.73,EPC,0.51,-2.62,0.04,-13.51
170,0.84,11030.0,94.89,2019,51,False,3092,0.19,33,1004,-1.37,-35.65,-118.52,92.53,0,-2.4,1084,1.3,0.0,-7.05,12,14.06,2,0.0,EQT,1.83,-7.26,-0.81,-20.77
171,0.33,17540.0,25.23,41,60,False,10196,3.27,55,2457,1.06,-2.42,12.16,72.77,8,23.9,1723,1.04,0.0,8.55,7,0.0,6,37.76,ES,1.51,1.27,0.81,-8.42
172,0.91,40690.0,0.35,3186,55,False,15592,0.0,25,7275,1.08,5.11,18.55,87.74,54,4.8,5545,1.21,0.0,17.07,7,3.66,8,33.94,ESRX,4.38,-9.03,-6.02,-17.53
173,1.3,31550.0,2.43,445,0,False,8449,3.24,66,3427,1.04,10.89,19.79,77.41,5,11.6,2656,1.01,2.99,12.67,10,17.63,5,8.1,ETN,2.69,5.94,1.98,-2.99
174,0.47,12760.0,37.98,1351,56,False,13850,4.93,25,3445,0.65,-8.14,-153.47,89.82,2,13.6,3194,1.03,0.0,13.37,-2,2.83,6,0.0,ETR,1.45,-4.59,-1.12,-13.25
175,0.76,3690.0,2.57,120,52,False,2425,0.0,42,679,3.45,12.78,-16.87,58.01,8,21.8,462,0.59,0.0,8.97,18,55.34,10,22.83,EVHC,2.13,93.42,3.27,-17.52
176,0.3,33070.0,28.32,8072,57,False,26319,3.63,56,7373,0.99,2.5,-23.19,76.88,8,10.3,9305,1.07,0.0,4.79,14,0.0,6,41.34,EXC,6.38,4.51,1.05,-4.99
177,1.35,5050.0,4.06,5,66,False,508,0.38,33,327,1.24,24.5,27.17,94.01,3,22.9,338,1.12,0.0,18.18,5,3.24,5,31.27,EXP,0.73,18.59,3.39,-5.73
178,0.69,18090.0,8.7,1721,46,True,3604,0.86,57,961,1.27,7.66,-14.62,95.72,0,4.1,1370,1.16,13.86,6.0,24,58.58,6,0.0,EXPE,1.95,2.04,2.78,-9.69
179,1.07,48720.0,4.4,35176,0,False,132854,4.84,183,15079,1.04,8.03,-50.0,57.4,13,5.5,19086,1.06,0.0,24.59,5,10.01,5,26.07,F,37.64,-0.77,-2.22,-13.78
180,0.96,14190.0,5.02,113,53,False,390,2.54,50,899,1.09,8.35,-6.38,80.48,2,20.1,526,1.01,0.0,26.89,2,29.52,8,36.9,FAST,2.83,11.57,1.08,-4.79
181,0.7,376970.0,15.87,18434,31,True,315,0.0,37,8239,1.58,35.15,164.52,71.83,0,42.3,12585,1.17,22.94,15.66,44,20.31,10,28.92,FB,23.42,5.01,5.56,-3.46
182,1.27,8590.0,3.01,239,52,False,1173,1.29,41,645,1.1,7.46,18.18,91.63,5,12.4,513,1.15,0.0,16.7,11,22.43,3,29.0,FBHS,1.27,-3.44,1.23,-13.7
183,2.58,24210.0,23.67,4245,69,False,16027,0.0,33,3486,1.0,-2.63,-104.47,75.41,5,-49.0,3206,0.86,0.59,-108.78,-1,3.65,2,0.0,FCX,33.29,32.5,12.43,-1.47
184,1.0,13870.0,4.27,429,57,False,19593,0.0,54,2323,1.15,10.96,0.0,98.17,0,10.5,1768,1.13,0.0,0.0,22,19.72,10,0.0,FDC,4.46,8.67,0.8,-5.52
185,1.18,49200.0,8.94,3534,73,True,13867,0.83,45,6165,1.12,1.72,6.15,75.92,38,5.8,5889,1.13,0.0,12.53,18,39.2,6,34.35,FDX,1.73,4.23,-3.07,-8.41
186,0.14,12650.0,21.18,443,60,False,22066,4.83,37,4455,1.01,4.01,-4.3,79.14,8,6.1,3710,1.16,0.0,-5.03,4,27.34,6,0.0,FE,4.54,-8.32,-3.29,-18.82
187,0.8,25950.0,6.41,688,50,False,11513,1.46,58,1985,1.12,14.14,-9.68,89.19,0,13.0,1781,1.13,0.0,5.76,20,18.85,10,35.36,FIS,1.75,1.95,1.48,-3.2
188,0.8,22890.0,5.33,275,55,False,4293,0.0,54,1728,1.11,21.0,4.34,89.16,0,25.7,1433,1.03,0.0,33.25,6,19.88,10,38.22,FISV,1.04,1.29,-2.54,-5.43
189,0.52,9180.0,3.24,1024,58,False,130,1.62,0,1091,1.1,7.01,105.26,0.0,3,12.8,785,1.14,0.0,24.44,15,19.11,8,34.61,FL,1.86,2.15,-2.54,-12.68
190,0.52,4870.0,2.82,473,55,False,359,1.36,68,357,1.11,15.25,-17.3,97.52,2,18.3,294,1.04,8.48,10.7,6,19.91,5,40.65,FLIR,0.68,8.1,-0.11,-3.79
191,0.91,4190.0,2.47,35,60,False,1027,3.21,25,444,1.04,5.92,-9.52,70.87,11,7.5,328,1.0,0.0,15.21,4,36.97,5,35.18,FLO,2.41,19.72,2.38,-4.94
192,1.56,6290.0,2.56,366,54,False,1631,1.51,82,752,1.0,5.62,-122.86,0.0,2,7.3,344,0.99,0.0,8.95,1,23.82,5,35.68,FLS,1.2,1.68,-2.6,-8.23
193,1.21,13670.0,3.1,615,60,False,2937,0.0,215,857,1.18,33.21,9.68,94.34,0,39.2,634,1.23,0.0,13.35,15,24.51,10,28.75,FLT,1.06,-6.76,0.08,-16.52
194,1.66,8109.999999999999,3.73,79,59,False,2184,1.09,181,642,1.17,6.54,0.0,98.79,2,8.8,341,0.97,4.35,-0.55,6,15.69,5,85.71,FMC,1.0,17.05,3.2,-3.6
195,1.4,57760.0,1.02,4424,43,False,19725,1.15,79,6522,1.1,14.6,29.41,99.82,5,22.5,4333,1.09,0.0,19.95,18,13.16,6,26.74,FOX,3.76,16.18,7.96,-0.54
196,1.4,58370.0,1.02,4424,43,False,19725,1.14,79,6522,1.1,14.6,29.41,99.82,5,22.5,4333,1.05,0.0,19.95,18,13.16,6,26.74,FOXA,9.98,17.68,6.86,-0.91
197,2.12,3280.0,5.95,1905,50,False,289,0.0,47,755,0.08,-7.34,-56.3,62.84,6,11.6,-47,1.07,3.87,8.86,2,7.48,5,0.0,FSLR,3.21,-14.43,-5.47,-57.48
198,0.75,3960.0,16.41,9380,51,False,15892,12.03,35,2303,1.6,-0.05,71.43,69.66,0,10.3,1292,1.37,0.0,-11.57,6,23.91,6,0.0,FTR,22.29,-16.53,-3.62,-42.22
199,0.59,4920.0,3.22,469,55,False,802,0.0,83,459,1.09,8.48,6.45,99.5,0,12.9,297,1.12,0.0,19.85,7,25.2,10,18.98,G,0.79,1.41,0.52,-14.14
200,0.75,54520.0,1.46,2334,58,False,3888,1.67,43,4763,1.08,3.71,-3.07,88.69,7,13.7,1601,1.12,0.0,26.5,16,6.22,5,27.36,GD,1.67,12.18,2.15,-3.81
201,1.0,3150.0,3.65,353,56,False,1076,0.0,1,158,-8.6,16.41,-225.0,0.0,0,2.5,358,1.11,15.84,3.16,11,37.21,10,0.0,GDDY,0.86,5.79,2.12,-3.82
202,1.23,4950.0,3.62,62,54,False,409,1.61,63,347,1.1,16.01,10.47,89.47,3,22.7,256,0.97,4.48,29.44,1,26.03,5,29.3,GGG,0.27,13.47,3.77,-2.7
203,1.2,94780.0,2.36,14607,54,False,22180,2.63,64,22755,0.93,54.83,-18.63,77.22,2,60.8,18057,1.3,14.72,87.95,17,11.0,5,19.02,GILD,9.81,-5.95,-1.77,-30.22
204,0.61,35800.0,4.73,766,62,True,8431,3.07,32,3396,1.08,10.7,-8.05,71.89,6,15.9,2461,1.03,0.0,36.36,0,18.53,5,29.12,GIS,2.84,-4.67,-0.59,-15.39
205,1.39,25090.0,12.31,5291,56,False,3902,2.02,62,2663,1.06,10.19,73.33,80.65,3,11.4,2059,1.0,8.5,13.58,6,18.23,5,0.0,GLW,7.87,12.19,5.77,-2.25
206,1.32,54420.0,8.31,24991,54,False,63111,4.18,66,15518,1.0,0.97,109.52,74.36,9,6.1,15038,1.07,0.0,34.93,6,7.04,5,0.0,GM,14.69,7.21,-2.27,-6.97
207,1.23,2490.0,1.65,450,52,False,350,6.12,7,809,1.02,4.96,-7.55,0.0,3,7.2,600,1.07,0.0,19.3,8,24.42,8,35.51,GME,2.8,-7.7,-1.14,-27.52
208,0.96,14370.0,0.88,212,59,False,663,2.71,47,1266,1.07,5.71,0.0,73.9,3,7.2,1005,1.01,0.0,21.48,0,21.7,7,36.71,GPC,0.66,-1.27,-0.74,-8.82
209,1.2,4030.0000000000005,7.52,55,49,False,1876,2.41,42,735,1.06,7.31,0.0,97.69,5,9.8,633,1.19,0.0,22.63,10,8.22,5,28.58,GPK,3.9,-4.58,0.02,-13.74
210,1.07,11600.0,4.19,1045,49,False,4894,0.05,25,781,1.11,5.62,-46.67,97.63,0,11.8,324,1.13,0.0,13.92,13,41.79,10,13.49,GPN,1.34,2.84,2.01,-5.76
211,0.87,9120.0,3.9,1455,60,False,1731,4.01,0,2148,1.05,6.83,-16.39,60.64,4,8.0,1660,1.12,0.0,25.12,-4,0.0,8,43.17,GPS,6.67,-8.18,-3.1,-25.58
212,1.12,4950.0,5.26,339,56,False,2229,0.96,42,653,1.11,5.59,194.74,82.72,6,18.5,326,1.13,2.32,26.63,8,18.45,5,55.74,GRA,0.57,-1.02,2.58,-12.33
213,1.36,1980.0,2.15,858,41,False,58,0.0,8,71,0.0,0.11,75.0,54.0,36,-3.9,71,1.4,0.0,-40.48,3,46.47,10,0.0,GRPN,13.34,-22.74,-1.88,-41.92
214,1.46,8370.0,6.71,1476,52,False,5756,1.08,62,2349,1.08,1.62,20.2,95.82,4,9.8,1289,1.11,0.0,7.49,9,17.08,5,6.52,GT,2.9,5.23,1.82,-3.87
215,1.63,4320.0,12.74,36,45,False,2305,0.0,66,586,1.02,8.98,-10.91,97.66,22,16.5,434,1.03,0.0,8.53,6,14.28,6,17.93,GWR,0.66,6.72,2.58,-7.8
216,0.78,14820.0,3.3,274,49,False,2247,1.92,47,1368,1.1,5.82,4.45,84.79,4,11.8,924,0.96,0.0,31.07,0,28.89,7,35.63,GWW,0.71,11.32,4.84,-4.05
217,0.45,4170.0,22.22,13,55,False,4155,4.08,31,947,0.99,8.98,4.88,92.65,2,23.9,831,1.1,0.0,5.74,4,0.0,6,36.96,GXP,2.97,-2.4,-1.43,-17.5
218,1.39,7200.0,5.03,599,52,False,1375,0.0,27,649,0.95,6.04,161.11,0.0,240,6.8,493,1.01,0.0,4.97,1,7.35,10,23.95,H,0.76,4.22,-1.0,-5.25
219,1.0,4080.0,2.53,167,57,False,844,0.0,44,320,1.06,6.03,46.87,0.0,5,10.0,247,1.1,0.0,12.02,0,12.07,5,22.39,HAIN,1.38,-1.06,-0.96,-30.83
220,1.58,7770.0,2.52,611,58,False,1404,1.26,56,901,1.04,7.69,-10.32,95.21,6,8.5,737,0.95,0.0,14.51,0,22.11,5,35.46,HAR,1.43,18.71,0.25,-0.21
221,0.8,10280.0,3.04,999,53,False,1712,2.45,106,830,1.09,10.07,23.78,81.48,4,16.3,637,1.04,5.35,32.54,1,30.71,5,25.14,HAS,1.38,0.63,0.49,-6.9
222,0.84,8580.0,1.55,319,57,False,2625,2.57,56,962,1.12,7.36,12.5,87.31,1,12.5,522,1.43,0.0,41.15,12,25.16,8,6.61,HBI,6.26,-7.98,1.68,-25.35
223,0.68,30950.0,6.54,791,59,False,30488,0.0,50,7822,1.12,6.87,51.43,72.23,4,14.9,5512,1.1,0.0,0.0,17,45.6,10,28.21,HCA,3.22,8.52,6.99,-1.3
224,1.08,166830.0,1.68,2216,58,False,21315,1.99,7,13765,1.13,8.94,18.52,73.2,4,14.0,9926,1.08,0.0,116.06,23,18.34,8,36.56,HD,5.02,3.95,0.73,-1.74
225,1.38,8480.0,1.1,269,54,False,4311,0.0,50,862,1.26,6.13,-75.81,99.72,5,10.1,553,1.11,0.0,261.6,15,21.87,7,0.0,HDS,2.29,14.58,-0.65,-4.68
226,0.35,3610.0,14.53,300,64,False,2018,3.77,42,506,0.98,8.24,148.94,46.27,0,14.4,544,0.9,0.0,12.33,-1,0.0,6,32.4,HE,0.55,7.9,0.26,-4.78
227,0.54,5070.0,2.24,43,77,False,458,0.23,50,332,1.1,15.86,14.04,66.65,3,19.3,249,1.07,0.0,17.62,5,18.18,5,31.47,HEI,0.15,3.92,-3.04,-8.58
228,1.0,0.0,2.24,43,0,False,458,0.0,50,332,0.0,15.86,14.04,0.0,3,19.3,249,0.0,0.0,17.62,0,18.18,0,31.47,HEI.A,0.0,0.0,0.0,0.0
229,1.79,16910.0,54.86,2732,61,False,6806,1.85,73,925,0.72,-32.65,14.29,85.78,6,-54.9,1092,1.21,0.0,-15.02,13,9.15,5,0.0,HES,4.37,-1.03,-10.4,-17.69
230,1.66,5250.0,2.94,890,62,False,1623,0.0,7,698,1.07,5.55,-7.34,0.0,2,9.7,385,1.28,0.0,0.0,1,43.78,7,29.33,HLF,1.41,-2.5,9.77,-21.88
231,1.0,18870.0,3.47,856,53,False,10547,1.45,30,2466,0.67,8.07,-32.14,0.0,8,16.8,1339,1.39,0.0,26.41,21,3.85,10,0.0,HLT,4.46,13.06,0.57,-4.28
232,0.87,10080.0,4.68,856,51,False,6890,2.42,19,1330,1.04,11.92,-7.25,93.69,8,17.3,1007,1.01,0.0,30.19,2,20.73,5,32.76,HOG,2.06,1.99,-3.88,-9.38
233,1.12,10980.0,3.48,548,52,False,3383,0.0,55,1025,1.06,24.31,312.5,99.4,4,19.4,787,1.14,8.19,15.67,15,24.09,5,20.35,HOLX,2.58,2.13,-1.61,-4.29
234,0.95,89920.0,2.89,7843,63,False,15775,2.23,74,7713,1.08,10.73,0.0,77.12,6,17.3,5354,1.11,0.0,26.9,18,13.51,5,24.96,HON,3.41,2.82,0.49,-1.21
235,1.0,37770.0,6.54,12987,59,False,16140,1.08,52,7498,1.0,3.35,-73.91,82.54,17,8.3,4958,1.08,4.58,9.73,12,15.6,5,22.51,HPE,10.85,1.12,-1.89,-8.47
236,1.6,25910.0,0.9,6288,48,False,6836,3.58,66,3748,1.03,5.8,-61.64,81.23,7,7.4,3230,1.05,2.51,20.91,8,7.96,5,29.11,HPQ,12.05,2.46,1.54,-6.49
237,0.57,4380.0,3.5,1002,58,False,1503,4.01,7,807,1.05,10.01,23.64,0.0,0,21.4,409,1.15,0.0,0.0,1,21.05,10,36.31,HRB,2.69,-8.47,-8.65,-39.84
238,1.22,3890.0,3.34,232,60,False,2148,1.15,64,690,1.11,8.27,414.29,85.46,5,9.8,306,1.18,5.01,12.32,5,31.96,5,15.38,HRC,0.71,3.92,2.94,-5.66
239,1.26,13050.0,2.01,487,53,False,4517,2.06,34,1694,1.09,10.18,7.63,86.92,4,15.6,903,1.09,0.0,10.31,10,15.76,5,42.42,HRS,0.7,9.61,2.34,-2.38
240,1.02,12960.0,0.57,72,66,False,810,0.0,41,928,1.1,5.18,7.24,95.38,5,6.7,649,1.06,0.0,17.05,8,20.98,7,29.28,HSIC,0.75,0.79,3.19,-12.01
241,0.34,22460.0,3.89,347,59,False,2420,2.35,37,1665,1.07,10.23,51.0,99.99,4,17.9,1042,0.98,0.0,91.54,-1,26.43,5,31.8,HSY,1.05,3.59,1.61,-10.15
242,1.0,1720.0,122.59,32,53,False,136,0.0,54,565,2.72,-92.43,-81.15,0.0,122,6.0,3118,1.48,0.0,0.97,7,10.04,10,44.44,HTZ,4.09,-41.39,-5.36,-60.99
243,0.93,6760.0,2.03,356,58,False,644,2.38,57,583,1.17,9.43,22.83,84.22,4,13.8,398,1.03,0.0,16.21,2,18.02,5,30.34,HUBB,0.32,11.23,3.46,-2.29
244,2.61,4900.0,5.2,269,52,False,4796,2.43,60,1105,1.24,5.6,4.55,76.75,4,4.6,1036,1.07,1.56,12.66,7,9.72,5,7.57,HUN,2.44,16.6,3.24,-5.16
245,1.01,4610.0,14.49,35,57,False,688,0.87,47,453,1.15,6.83,30.91,0.0,4,17.8,424,1.08,2.3,19.9,5,7.9,5,27.09,HXL,0.68,7.39,-1.47,-8.44
246,1.11,5780.0,2.52,1521,36,False,1788,0.0,25,380,1.37,7.76,-33.78,94.37,0,-4.7,327,1.08,6.26,-9.45,14,58.23,0,0.0,IAC,0.54,14.3,6.67,-1.14
247,0.96,165790.0,5.12,8527,58,False,42168,3.19,4,15855,1.02,18.04,-1.0,60.67,24,16.4,18580,0.94,5.46,78.1,3,25.76,5,4.88,IBM,3.77,8.48,3.11,-2.49
248,0.49,12470.0,3.77,343,59,False,1170,0.0,41,356,1.18,14.03,29.17,94.6,4,19.2,308,0.86,5.84,0.0,4,29.9,5,29.7,IDXX,0.92,23.74,16.46,-0.59
249,1.15,6760.0,1.91,328,45,False,841,1.48,50,509,1.07,16.47,-10.78,0.0,4,20.3,383,1.02,0.0,18.87,4,23.55,5,26.77,IEX,0.27,-2.12,-2.22,-7.01
250,1.06,9290.0,3.41,182,54,False,1070,2.15,68,690,1.07,11.85,-14.5,82.01,2,18.8,468,1.12,8.09,24.61,4,17.78,5,22.72,IFF,0.65,-9.01,-0.69,-18.55
251,1.0,5380.0,9.34,823,57,False,8406,3.06,63,1459,1.07,8.67,-125.0,44.0,10,12.6,936,1.17,6.56,1.48,3,18.42,5,47.22,IGT,1.33,5.69,0.95,-16.98
252,0.82,23690.0,9.51,1386,45,False,1091,0.0,61,750,1.17,17.8,10.13,96.21,2,24.8,647,0.96,20.62,21.08,5,24.64,5,24.65,ILMN,1.46,5.56,10.74,-13.69
253,0.74,8380.0,4.71,440,62,False,1838,1.57,49,934,1.06,7.68,30.41,87.5,6,13.1,747,1.17,0.0,21.22,3,9.58,5,30.4,INGR,0.52,-10.46,-8.08,-17.28
254,1.15,3160.0,0.17,852,59,False,773,0.54,28,247,1.21,1.14,-14.08,92.73,55,0.9,343,1.06,0.0,9.76,1,2.55,7,8.98,INT,0.38,-0.6,-0.84,-12.08
255,1.05,173400.0,14.75,17099,55,False,25283,2.78,28,22550,1.05,18.2,7.81,68.02,4,21.8,19085,1.12,21.72,17.25,24,14.43,5,19.0,INTC,20.6,1.95,-0.64,-4.76
256,1.07,30260.0,11.3,1080,52,False,1000,1.14,9,1480,1.14,17.78,9.09,87.39,0,25.4,1384,0.98,19.21,98.64,3,38.98,10,31.08,INTU,1.18,4.83,0.79,-2.18
257,1.53,21940.0,6.58,1050,54,False,9326,3.25,45,3709,1.21,5.51,41.51,83.74,6,8.2,2556,1.05,0.0,20.19,6,13.82,5,27.52,IP,2.66,8.69,-1.8,-9.36
258,1.54,9310.0,2.51,1510,70,False,1762,2.5,177,1028,1.09,8.77,77.78,99.82,0,11.7,878,1.11,0.0,28.97,11,88.32,10,29.05,IPG,3.78,1.59,-0.56,-5.52
259,1.26,20140.0,1.51,737,52,False,4239,2.0,63,1858,1.18,11.11,28.57,85.74,5,11.8,1701,1.06,0.0,24.17,13,19.08,5,16.07,IR,2.1,10.01,0.91,-3.57
260,1.08,8189.999999999999,1.97,373,59,False,825,0.0,80,361,1.12,13.19,0.0,92.27,0,12.5,362,1.06,0.0,0.0,7,44.36,10,30.85,IT,0.62,3.72,-1.36,-5.97
261,0.77,4410.0,4.58,912,51,False,2120,1.35,31,1235,1.16,0.47,-30.88,97.53,6,2.6,923,1.0,0.17,8.84,3,4.86,5,37.56,JBL,2.08,11.03,2.73,-3.66
262,0.7,2070.0,2.92,900,51,False,4805,0.0,0,572,19.66,0.69,-51.11,88.28,2,0.8,455,1.51,0.0,-23.97,8,30.15,8,0.0,JCP,20.27,-25.2,-12.32,-43.91
263,1.67,7060.0,0.71,656,58,False,387,1.01,60,656,1.12,5.49,-4.0,89.53,0,3.1,680,1.03,0.0,4.92,2,13.04,3,25.18,JEC,1.1,6.46,-0.01,-7.82
264,0.96,7540.0,5.81,595,0,False,2805,3.39,5,1725,1.06,4.97,-114.29,69.75,3,6.2,1578,1.17,0.0,29.37,3,29.47,8,42.98,JWN,3.47,-13.9,-7.32,-30.74
265,0.53,25540.0,4.14,251,50,False,7759,2.86,41,1974,1.07,9.21,41.38,82.62,6,9.6,1743,1.11,0.0,29.13,1,26.67,5,17.29,K,1.63,-5.0,0.03,-16.51
266,1.34,6210.0,5.41,171,63,False,1873,2.82,76,640,1.15,9.5,5.41,0.0,0,16.3,443,1.1,0.0,15.78,9,18.93,8,37.15,KAR,0.99,5.52,1.53,-2.5
267,1.4,2380.0,0.24,885,49,False,61,1.88,61,209,3.02,3.13,-215.79,99.41,0,3.3,140,1.16,0.0,6.5,8,3.54,3,38.52,KBR,1.61,6.54,-2.25,-6.96
268,0.66,43430.0,4.62,923,58,False,7572,3.22,45,4030,1.07,12.01,7.8,71.13,6,17.1,3026,1.02,0.0,0.0,1,18.48,5,32.15,KMB,1.9,0.66,4.54,-12.31
269,0.67,50230.0,22.59,684,54,False,40050,2.27,36,6167,1.14,17.17,-225.0,56.97,14,18.0,5291,1.13,0.0,-0.97,14,5.26,6,141.29,KMI,13.3,5.02,3.68,-3.58
270,1.37,12170.0,2.51,381,46,False,10658,0.0,2,804,1.08,-3.22,14.29,0.0,6,6.8,-110,1.03,0.0,20.77,8,8.64,8,37.86,KMX,2.23,11.71,-0.78,-5.55
271,0.68,178710.0,5.76,19900,63,False,44213,3.38,34,11770,1.03,15.12,-27.27,65.16,5,20.7,8861,1.08,0.0,27.68,7,22.68,5,20.96,KO,13.54,-2.12,-0.09,-12.08
272,0.82,31850.0,3.37,1200,55,False,12079,1.43,4,5762,1.06,0.53,-4.65,81.02,13,3.1,4444,1.06,0.0,31.48,12,17.47,8,32.6,KR,7.97,3.75,-0.74,-17.0
273,1.09,7020.0,3.87,707,63,False,4708,5.04,0,2487,1.02,8.57,31.75,0.0,2,6.6,2347,1.16,0.0,11.32,1,23.35,8,36.14,KSS,4.82,-12.62,-11.96,-33.29
274,1.48,7290.0,7.38,22,54,False,1919,4.01,51,566,1.06,26.78,-2.25,99.97,0,29.2,502,0.96,0.0,28.56,2,23.06,9,4.38,LAMR,0.68,13.82,5.5,-3.25
275,0.77,16930.0,7.6,2570,78,True,5721,4.09,8,2649,1.04,7.8,-23.64,77.0,4,16.8,1923,1.16,0.0,0.0,7,24.77,8,34.9,LB,2.41,-15.73,-7.34,-36.32
276,3.16,7370.0,0.36,673,58,False,1088,2.63,68,403,0.91,9.94,60.0,75.66,18,4.7,513,1.14,0.0,17.72,7,5.07,10,24.58,LDOS,1.34,5.58,-2.57,-7.41
277,1.26,9990.0,2.46,1272,55,False,1942,0.85,59,1805,1.06,6.55,27.35,0.0,15,7.7,1679,1.1,0.0,33.13,5,3.2,5,27.02,LEA,0.67,13.27,1.34,-5.39
278,0.85,5400.0,2.18,304,54,False,354,1.67,47,396,1.04,11.52,-208.54,68.59,5,12.4,312,0.94,0.0,21.97,1,26.59,5,28.38,LECO,0.43,17.48,2.2,-3.97
279,1.0,6590.0,2.84,253,57,False,969,2.88,47,592,1.06,10.02,0.0,72.29,5,13.0,488,1.04,0.0,35.12,2,10.94,5,24.34,LEG,0.87,-2.17,-1.13,-12.07
280,0.98,13970.0,3.05,716,59,False,6417,0.0,49,1740,1.09,8.64,14.77,94.97,33,12.9,1111,1.09,0.0,12.59,16,17.07,10,35.11,LH,0.73,1.86,3.49,-4.04
281,1.08,6690.0,2.3,39,53,False,744,1.1,57,441,1.14,6.96,32.39,70.92,5,10.7,331,1.04,0.0,411.59,3,16.95,5,30.13,LII,0.33,0.56,0.57,-5.57
282,0.54,9760.0,2.63,87,51,False,1585,0.0,34,852,1.12,3.82,21.21,92.95,3,9.2,549,1.22,0.0,14.63,11,26.7,7,32.18,LKQ,1.89,-4.97,0.56,-12.68
283,1.12,12160.0,1.79,207,60,False,3652,1.78,28,1134,1.09,7.51,-150.27,81.0,25,5.9,966,1.12,0.0,7.78,8,0.0,5,10.8,LLL,0.63,4.62,2.78,-2.85
284,0.32,81860.0,2.98,4452,48,False,7978,2.78,63,5020,1.06,14.0,-2.67,77.04,1,16.1,3538,1.11,26.09,15.87,17,31.0,5,16.48,LLY,6.32,0.62,3.41,-7.63
285,0.42,8510.0,,6,56,False,3995,3.42,51,991,1.06,25.43,-28.3,68.43,7,15.8,829,0.98,0.0,9.02,3,0.0,6,14.02,LNT,1.11,-1.18,-0.28,-8.77
286,1.28,62730.0,1.88,712,53,False,12649,1.9,0,6568,1.15,6.94,-46.25,76.23,3,8.0,5507,1.12,0.0,32.45,18,24.23,8,44.35,LOW,6.13,-1.81,-0.31,-13.78
287,0.92,2370.0,5.67,284,61,False,2669,0.0,48,668,1.14,1.13,-2.13,0.0,7,6.4,418,1.11,0.0,5.9,3,66.07,10,35.65,LPNT,0.52,0.93,0.07,-21.93
288,1.5,19030.0,2.76,6828,48,False,4540,1.55,72,1406,0.95,20.51,41.41,0.0,3,19.7,1484,1.12,14.76,16.72,16,9.98,5,10.84,LRCX,2.0,17.98,6.75,-1.6
289,0.73,3460.0,0.6,163,54,False,160,0.43,50,269,1.22,7.05,-4.44,0.0,0,7.1,239,0.94,0.0,27.53,-1,14.67,6,37.97,LSTR,0.41,10.14,-2.65,-8.72
290,1.32,8570.0,3.19,21932,54,False,21610,1.05,145,318,6.9,3.87,-187.23,75.18,20,-0.1,749,1.26,0.0,0.43,1,24.71,5,47.69,LUK,1.61,16.57,1.32,-1.97
291,0.96,32610.0,11.17,3305,61,False,3387,0.76,11,4981,1.21,8.06,-29.55,78.01,18,19.4,3908,1.18,0.0,30.08,12,33.19,6,37.02,LUV,6.02,23.26,4.13,-2.44
292,1.34,21130.0,16.58,862,55,False,11009,0.0,36,2524,1.17,12.01,0.0,88.2,0,17.4,2342,1.06,0.0,42.85,3,17.45,6,0.0,LVLT,2.61,11.47,1.07,-2.35
293,1.0,5610.0,6.96,36,0,False,143,2.04,27,477,1.01,5.14,0.0,24.65,3,14.0,372,1.06,0.0,0.0,4,10.22,5,37.86,LW,2.05,8.39,4.91,-1.39
294,1.06,38280.0,7.57,1995,49,False,8028,3.61,34,7133,1.06,10.15,-9.44,74.93,5,17.8,5053,0.98,0.35,57.75,6,2.74,5,26.07,LYB,3.03,13.84,4.69,-3.8
295,0.88,5790.0,1.99,1305,50,False,2045,0.0,31,544,-0.8,3.25,28.95,65.4,0,2.3,435,1.14,0.0,-1.78,10,19.63,10,42.42,LYV,0.87,5.4,4.21,-1.45
296,0.72,9380.0,3.65,1146,64,False,7637,5.12,3,3176,1.05,4.05,-86.11,89.92,2,5.5,2014,1.17,0.0,17.73,3,31.65,8,36.08,M,7.17,-16.41,-6.83,-32.57
297,1.19,114560.0,3.54,7279,56,True,3297,0.81,41,5372,1.16,39.46,25.58,78.29,0,52.2,4531,1.15,0.0,64.33,28,43.97,10,25.07,MA,3.71,3.36,-1.42,-5.34
298,1.56,6520.0,0.31,731,51,False,855,1.82,82,786,1.1,2.9,16.14,95.78,0,3.7,631,1.03,0.0,17.57,7,13.35,10,35.69,MAN,0.66,22.91,5.8,-0.81
299,1.23,33000.0,2.0,96,57,False,4107,1.41,33,1517,1.12,7.68,-66.67,66.05,0,8.1,1482,1.0,0.0,65.54,12,4.29,10,31.98,MAR,2.96,13.03,0.81,-2.11
300,1.55,10740.0,2.23,1716,53,False,3423,1.2,51,1108,1.22,6.78,25.0,93.32,6,14.4,659,1.14,0.0,0.0,17,18.67,5,37.09,MAS,3.27,-0.63,2.06,-11.49
301,1.07,29480.0,0.32,4048,57,False,8154,0.82,33,4812,0.94,2.94,4.4,93.18,11,1.6,6415,1.11,0.0,23.09,3,3.72,7,26.82,MCK,2.34,-14.05,-3.51,-30.3
302,0.67,6310.0,1.15,60,69,False,1275,0.0,52,640,1.08,12.33,7.22,0.0,0,18.7,417,1.01,0.0,13.58,5,11.66,10,36.03,MD,0.67,2.4,-0.12,-11.47
303,0.92,67970.0,6.75,1870,62,False,15398,1.71,43,5080,1.07,6.28,-92.15,77.79,5,5.7,3454,1.13,0.0,2.92,15,25.41,5,31.2,MDLZ,8.55,1.12,-1.45,-5.15
304,1.34,2160.0,7.87,117,58,False,626,0.0,89,200,1.14,10.39,100.0,0.0,0,4.8,268,1.18,12.66,-0.15,9,24.29,10,0.0,MDRX,2.49,-3.96,5.44,-23.07
305,1.01,104240.0,4.13,12634,60,True,31240,2.29,67,8108,1.09,17.05,122.22,85.21,2,18.7,6145,1.11,7.69,8.28,17,32.82,5,6.09,MDT,7.07,-6.5,3.24,-14.95
306,0.9,5150.0,12.36,85,54,False,1916,2.63,56,501,1.21,-0.42,-158.33,66.23,14,7.3,514,1.09,0.0,2.18,3,0.0,2,32.9,MDU,1.17,0.65,-8.97,-11.88
307,1.0,2650.0,0.98,33,46,False,2,0.0,23,283,1.3,7.59,0.0,96.99,5,12.6,126,0.02,0.0,19.82,3,20.0,5,9.75,MFS,0.81,10.23,1.54,-3.77
308,1.67,16510.0,22.39,1670,54,False,12713,0.0,19,1910,1.19,-8.06,675.0,74.06,54,6.5,1316,1.2,0.0,4.88,20,36.74,10,0.0,MGM,7.7,8.02,-0.82,-5.94
309,1.19,16020.0,6.98,82,61,False,3200,0.0,59,1399,1.05,7.15,25.26,79.36,3,13.9,1240,1.08,0.0,17.06,15,17.32,5,23.21,MHK,0.65,6.6,5.11,-0.9
310,0.88,6180.0,18.27,41,45,False,2833,6.9,26,275,1.63,16.59,292.31,83.64,21,18.5,563,1.28,0.0,3.87,7,22.77,7,38.69,MIC,0.66,-6.9,-7.19,-11.66
311,1.58,7570.0,1.05,56,58,False,766,0.0,51,393,1.14,10.61,54.65,95.67,3,17.8,257,1.1,0.0,20.44,5,20.1,5,31.98,MIDD,0.47,4.15,-0.61,-8.42
312,1.0,4070.0000000000005,2.27,409,56,False,2770,0.0,1,835,1.09,9.86,0.0,0.0,2,13.7,623,1.36,0.0,0.0,8,25.39,8,34.95,MIK,2.08,-15.8,-5.03,-36.65
313,1.38,15560.0,4.17,1795,54,False,2980,2.35,37,1010,1.06,17.14,3.9,99.14,2,20.7,812,0.88,2.72,0.0,3,37.41,5,25.47,MJN,1.85,8.11,17.23,-10.61
314,0.49,11950.0,3.49,118,57,False,1447,1.97,38,765,1.08,11.43,6.03,15.05,3,14.5,658,1.01,0.0,28.57,1,26.63,5,25.97,MKC,0.72,-0.66,2.65,-11.49
315,1.42,14440.0,10.53,168,53,False,1583,0.71,56,756,1.27,7.44,43.1,0.0,5,17.5,668,1.02,0.0,9.75,8,6.32,2,30.9,MLM,0.81,12.17,0.56,-6.74
316,1.47,5260.0,5.41,281,55,False,6045,0.0,54,1512,0.98,29.63,67.19,91.87,4,18.3,1184,1.63,7.76,12.17,15,27.37,5,0.0,MNK,2.55,-21.71,-1.31,-42.09
317,0.6,140000.0,1.01,2369,62,False,12919,3.42,2,8620,1.18,25.99,-28.21,61.59,3,45.2,5220,0.99,0.0,178.43,7,13.59,5,35.76,MO,6.95,9.1,4.58,-0.5
318,0.98,47790.0,7.0,1736,57,True,9040,1.99,56,3818,1.13,12.29,-112.5,76.63,1,20.8,2688,1.09,10.89,40.65,12,20.63,5,35.96,MON,2.02,4.25,1.77,-4.63
319,1.28,11010.0,12.48,1276,55,False,3860,3.55,29,2091,1.21,4.01,-75.56,95.31,4,6.0,1231,0.86,0.0,4.53,-4,4.35,5,0.0,MOS,5.04,13.31,3.12,-7.54
320,1.74,25280.0,4.64,1136,62,False,11925,2.98,18,5981,1.87,1.51,-84.66,81.31,8,3.5,3803,1.29,0.0,8.83,16,2.64,5,33.4,MPC,6.27,7.94,-3.39,-12.27
321,0.81,176130.0,3.9,13427,61,False,26514,3.06,63,13780,1.02,23.35,21.88,75.75,2,19.6,10873,1.06,18.22,12.3,12,24.52,5,19.34,MRK,11.22,3.94,4.88,-2.41
322,2.24,14130.0,31.9,1221,54,False,7277,1.21,68,1765,0.12,-11.42,-79.28,83.71,8,-39.4,970,1.22,0.0,-8.17,11,10.85,2,0.0,MRO,14.78,5.7,-5.71,-13.49
323,1.13,7800.0,2.12,2283,0,False,30,1.61,55,96,1.55,-19.51,-227.27,75.34,4,3.9,-424,1.03,38.06,2.54,6,10.6,5,4.09,MRVL,4.82,16.68,6.51,-1.54
324,1.07,488230.0,10.64,113240,48,False,53687,2.4,61,27289,1.09,32.15,6.45,74.01,14,23.1,36673,1.08,14.35,23.03,27,22.26,10,16.46,MSFT,26.36,6.26,0.06,-4.13
325,0.41,13350.0,4.37,2381,55,False,4390,2.29,74,1229,1.07,13.62,98.25,89.53,9,18.0,1050,0.99,9.65,0.0,4,16.69,5,30.62,MSI,0.99,3.91,-2.89,-8.11
326,0.55,5760.0,2.98,53,44,False,607,1.74,50,448,1.12,9.48,6.74,0.0,3,13.2,354,0.96,0.0,18.41,2,31.74,7,37.79,MSM,0.73,25.25,5.11,-2.54
327,1.0,4390.0,4.13,100,47,False,1233,0.0,19,267,1.22,17.38,0.0,96.57,0,22.4,252,1.12,6.75,18.92,9,47.56,5,29.3,MTCH,1.21,0.74,-2.78,-12.66
328,1.14,11380.0,3.11,99,49,False,591,0.0,59,553,1.11,14.17,19.3,97.54,4,21.0,427,0.95,4.89,68.08,1,29.2,5,23.63,MTD,0.19,5.41,2.5,-0.65
329,0.5,6880.0,8.11,74,48,False,700,1.9,12,449,1.12,16.67,4.29,92.84,11,17.4,398,1.07,0.0,14.1,8,0.0,10,39.81,MTN,0.41,8.72,4.62,-0.64
330,1.89,27380.0,46.79,4398,54,False,9910,0.0,57,3209,1.17,-22.31,-15.79,83.34,3,2.3,3186,1.08,12.8,-2.45,21,4.91,5,0.0,MU,26.09,36.43,11.21,-1.91
331,2.09,5040.0,66.93,984,54,False,2993,3.52,75,961,1.69,-48.81,-99.03,97.94,3,-154.7,367,1.11,0.0,-14.38,-3,13.07,2,0.0,MUR,2.98,-0.73,-6.93,-21.88
332,0.79,2580.0,2.2,102,52,False,490,0.0,4,343,1.28,0.21,-17.73,85.49,69,2.4,277,1.15,0.0,32.96,4,1.11,8,37.24,MUSA,0.46,-3.67,5.21,-16.8
333,1.13,12590.0,3.14,2271,57,False,1240,2.93,37,767,1.13,29.9,95.65,92.79,3,27.8,738,1.04,20.57,23.3,9,12.79,5,16.75,MXIM,2.07,11.81,9.76,-1.61
334,1.08,20870.0,6.52,1343,45,False,7296,0.0,106,2798,1.12,16.29,-127.71,65.93,2,7.9,2349,1.27,7.68,2.38,14,23.14,5,0.0,MYL,5.66,-2.67,3.94,-26.71
335,1.2,17090.0,49.36,1610,58,False,8029,1.01,51,1316,0.31,0.18,-50.75,95.82,12,-80.4,1630,1.18,0.0,-25.22,25,14.26,2,0.0,NBL,4.3,8.71,1.33,-5.42
336,1.64,4500.0,18.88,275,61,False,3662,1.53,116,1112,0.7,11.49,-61.76,98.15,9,-21.0,656,1.22,1.58,-21.2,21,10.92,2,0.0,NBR,6.54,23.15,-5.67,-13.64
337,1.14,10800.0,35.67,116,61,False,6398,0.0,3,1048,1.11,-11.5,37.61,92.59,46,18.6,1157,0.96,0.0,14.17,10,13.54,6,1.45,NCLH,1.53,18.27,5.27,-14.45
338,1.75,5290.0,3.5,328,52,False,3252,0.0,79,505,1.09,6.32,19.3,86.63,6,9.2,631,0.96,3.33,17.09,3,14.51,5,23.32,NCR,0.78,18.55,1.33,-4.09
339,1.15,6500.0,3.36,67,61,False,999,0.94,79,470,1.08,14.94,57.14,66.79,3,21.5,331,1.03,0.0,35.97,4,32.85,5,26.23,NDSN,0.28,11.28,0.13,-2.29
340,2.04,1700.0,27.25,512,58,False,4489,1.19,56,1975,11.07,26.32,-117.42,95.47,0,20.9,1473,0.99,0.0,3.03,-2,2.53,2,20.65,NE,11.82,10.91,2.06,-49.82
341,0.26,57680.0,26.53,2177,53,False,30840,2.84,42,7674,1.07,15.2,-16.05,76.14,3,27.6,6897,1.1,0.0,10.61,16,0.0,6,31.07,NEE,2.53,1.28,3.41,-6.47
342,0.18,19470.0,16.76,2816,57,False,6236,0.36,10,2843,0.87,13.48,-259.52,85.23,3,15.4,2425,1.08,2.36,-4.74,11,6.37,2,88.29,NEM,8.23,-1.42,7.48,-20.38
343,0.24,7150.0,35.42,45,52,False,6950,3.21,41,1326,1.08,-16.91,-500.0,85.08,2,19.9,794,1.08,0.0,7.94,4,0.0,6,39.36,NI,2.82,-4.66,-0.15,-17.73
344,0.43,87300.0,3.1,5457,60,True,2055,1.36,37,4653,1.12,8.07,11.11,80.48,3,13.4,3744,1.17,0.0,30.22,21,32.03,5,15.56,NKE,8.9,-1.49,0.46,-19.36
345,0.85,14890.0,6.79,357,52,True,7338,3.02,71,1718,0.98,11.12,-5.26,0.0,0,17.7,1124,1.15,0.0,13.7,12,30.29,10,38.97,NLSN,2.95,-13.45,-0.9,-25.55
346,1.0,14280.0,4.13,2080,53,False,3930,0.53,113,2657,0.5,13.03,-982.93,95.93,1,-39.6,1421,0.92,0.0,-19.55,-1,17.11,5,0.0,NOV,3.57,6.01,-1.68,-13.36
347,1.24,5270.0,10.01,4521,45,False,19464,0.74,40,3057,0.42,2.85,605.55,0.0,8,-26.6,1650,0.97,0.87,-98.35,9,8.92,6,0.0,NRG,6.71,33.89,18.73,-8.73
348,1.29,34700.0,19.28,956,54,False,10212,2.04,37,4104,1.11,10.78,4.03,70.54,10,29.8,2981,0.98,0.0,13.11,7,28.07,6,34.56,NSC,2.11,20.34,7.01,-2.21
349,1.43,10530.0,3.11,5308,49,False,2339,2.0,38,693,1.12,17.0,-2.56,97.42,18,8.6,1086,0.96,14.96,13.26,-2,36.85,5,30.42,NTAP,3.41,12.88,5.12,-1.95
350,1.5,18320.0,2.66,2039,63,False,4433,2.5,41,1826,1.13,7.34,18.3,79.97,5,7.0,1571,1.11,0.0,6.64,7,3.32,5,33.01,NUE,3.37,5.68,-5.3,-15.43
351,1.62,2830.0,2.11,304,56,False,260,2.75,5,314,1.09,9.69,250.0,78.94,2,10.3,266,1.08,0.0,16.41,2,66.85,7,32.7,NUS,0.69,-7.13,3.26,-21.43
352,1.32,62200.0,2.28,5037,53,True,1510,0.51,40,1145,1.12,21.54,88.64,87.08,4,23.7,1462,0.86,23.02,24.93,20,10.56,5,14.92,NVDA,17.88,47.89,8.96,-3.79
353,0.97,23060.0,3.22,275,55,False,3077,1.64,67,885,1.04,7.21,-24.0,97.45,4,6.4,1115,1.19,0.0,5.68,16,25.51,5,14.06,NWL,4.14,-3.74,3.1,-13.78
354,0.28,5090.0,4.52,104,61,False,1490,1.38,52,527,1.09,12.09,-16.78,86.02,6,3.0,461,1.11,3.66,7.98,9,10.52,5,0.0,OA,0.41,6.6,-1.47,-4.97
355,1.13,6210.0,7.3,96,52,False,1871,1.45,54,875,1.04,10.79,2.11,0.0,5,12.5,1011,1.01,1.43,10.91,4,10.05,5,30.0,OC,1.05,3.7,2.94,-6.65
356,1.04,7140.0,15.14,11,59,False,133,0.0,41,676,1.11,4.72,4.04,82.8,0,16.3,592,1.03,0.0,17.41,7,59.22,6,37.38,ODFL,0.55,12.44,-1.11,-5.67
357,0.74,6660.0,29.4,75,49,False,2756,3.64,37,789,1.07,2.0,67.27,67.78,5,21.5,683,1.02,0.0,9.11,3,0.0,6,31.57,OGE,0.9,4.67,-0.61,-2.57
358,1.5,3150.0,6.18,399,53,False,5573,0.0,43,1002,1.17,4.67,560.0,0.0,5,10.8,725,1.08,0.99,13.34,2,7.48,5,53.85,OI,2.5,6.13,4.61,-4.33
359,1.25,11720.0,9.14,98,56,False,8981,4.58,29,1348,1.07,5.91,10.26,74.28,25,14.6,1234,0.96,0.0,91.31,-2,0.0,6,24.5,OKE,2.15,9.05,-2.38,-6.42
360,1.26,20100.0,1.03,2620,63,True,4571,2.52,152,2211,1.06,12.33,9.27,99.88,8,12.9,2048,0.97,0.0,46.72,1,12.13,10,32.68,OMC,1.62,1.22,-0.77,-4.96
361,1.98,5710.0,6.51,637,60,False,1394,0.0,61,640,1.35,8.09,-81.81,0.0,2,6.8,509,1.07,11.57,7.62,18,11.78,5,37.08,ON,7.04,17.63,3.69,-2.25
362,1.13,163830.0,4.31,56125,55,False,43855,1.49,37,15613,1.09,33.63,-5.88,60.46,26,34.0,14125,1.08,16.07,18.69,19,25.03,10,23.45,ORCL,13.14,0.4,1.57,-4.91
363,1.82,5090.0,1.89,322,0,False,846,1.12,43,518,1.1,7.54,36.84,90.45,4,5.9,588,1.08,0.0,11.67,9,10.0,5,30.5,OSK,1.0,14.34,0.24,-7.96
364,0.81,52350.0,29.5,4394,56,False,8333,4.48,123,5250,-1.47,3.47,-90.64,84.08,5,-106.6,3433,1.12,0.0,-21.01,6,11.96,2,0.0,OXY,4.97,-5.05,-2.48,-12.72
365,1.36,4620.0,1.09,62,79,False,4664,2.14,14,645,1.1,1.29,7.29,83.61,5,2.9,479,1.08,0.0,18.74,6,11.38,8,31.85,PAG,0.48,14.8,2.64,-3.18
366,1.0,3430.0,1.44,433,60,False,5229,0.0,112,522,1.23,3.48,-74.14,0.0,3,6.6,166,0.93,2.26,-6.68,6,32.27,5,0.0,PAH,2.22,35.34,16.29,-0.56
367,1.91,2060.0,5.29,157,48,False,926,0.0,62,259,1.18,4.44,-112.12,93.52,7,1.6,194,1.05,10.42,-1.08,7,21.16,5,630.92,PAY,2.2,6.07,1.48,-37.71
368,1.47,2410.0,4.38,768,55,False,2969,4.78,43,808,1.1,8.76,-20.45,86.25,14,15.9,454,1.38,3.36,194.05,3,36.37,5,33.15,PBI,3.14,-23.15,-17.76,-40.5
369,1.26,23830.0,10.91,3465,61,False,8592,1.42,142,3198,1.16,1.77,-19.01,63.4,16,7.6,2195,1.0,1.42,8.1,8,7.96,5,52.07,PCAR,2.12,12.51,2.85,-2.61
370,0.22,31340.0,32.94,357,67,False,17258,3.24,25,4988,0.98,-9.23,22.22,85.07,8,7.8,4059,1.06,0.0,4.92,13,0.0,6,0.0,PCG,2.29,0.96,1.87,-5.29
371,0.9,3980.0,1.21,137,49,False,1059,2.34,50,510,1.06,1.54,33.33,88.91,5,6.2,154,0.99,0.0,14.93,2,17.71,7,33.65,PDCO,1.83,-5.81,1.39,-17.04
372,0.35,21930.0,43.96,636,58,False,9932,3.8,44,3965,1.01,-6.64,-26.44,67.69,3,24.7,3452,1.05,0.0,9.8,5,0.0,6,34.9,PEG,2.48,1.31,-0.73,-8.58
373,0.6,149610.0,4.62,12009,60,False,33284,2.9,45,12497,1.07,12.19,280.56,71.53,8,15.6,10400,1.1,0.0,51.16,14,40.0,5,22.81,PEP,4.43,-1.29,0.3,-5.97
374,0.31,6330.0,3.35,181,47,False,2290,2.16,30,536,1.15,10.08,7.32,0.0,4,15.4,402,1.06,0.57,11.13,14,12.19,5,38.58,PF,0.99,5.62,1.21,-1.49
375,0.96,191820.0,3.55,23290,62,False,38978,4.09,66,18453,1.08,23.96,-38.24,71.66,1,23.5,14651,1.18,14.48,9.51,12,29.04,5,13.93,PFE,28.2,-5.14,-2.35,-15.46
376,0.62,225320.0,5.4,13348,57,True,30598,3.09,26,17559,1.07,15.21,157.13,72.97,6,20.6,13442,1.02,0.0,26.71,8,29.23,5,24.21,PG,9.18,2.46,3.45,-2.42
377,1.24,20010.0,1.28,2104,57,False,3037,1.79,28,1582,1.11,9.97,9.93,81.81,6,10.6,1264,1.02,0.0,17.31,9,11.68,5,27.3,PH,1.1,15.41,4.38,-1.9
378,1.15,6940.0,0.51,723,41,False,3442,1.68,0,1037,1.21,0.38,28.57,91.75,0,12.6,68,1.11,0.0,12.7,6,12.48,3,35.46,PHM,5.71,7.41,10.29,-4.97
379,1.2,5360.0,5.81,127,0,False,1142,2.78,13,439,1.19,3.33,-78.26,95.87,4,9.3,402,1.0,4.04,27.98,4,13.43,5,31.1,PII,1.0,-0.05,0.21,-19.14
380,0.5,1580.0,6.37,267,56,False,19,0.0,39,354,1.12,26.04,8.33,97.16,14,22.4,391,1.18,0.27,0.0,13,33.93,10,18.3,PINC,0.63,-0.07,0.47,-10.34
381,1.85,8680.0,5.0,184,61,False,2332,2.74,44,1112,1.06,9.21,-3.82,90.88,6,13.4,808,1.0,0.0,26.22,6,7.94,5,34.21,PKG,0.83,13.09,5.79,-4.05
382,0.74,5900.0,1.64,238,60,False,1013,0.54,69,391,1.05,12.79,10.42,93.73,3,13.5,327,1.01,5.82,11.35,4,26.72,5,12.41,PKI,0.69,1.07,1.99,-5.99
383,0.91,153910.0,4.05,3417,58,False,28480,4.34,45,11479,1.05,25.83,0.0,72.31,1,38.7,7800,0.99,0.0,0.0,9,25.25,5,27.45,PM,5.09,3.87,7.21,-4.79
384,1.45,10510.0,2.38,126,59,False,4710,2.27,52,1111,1.11,10.81,22.22,93.62,4,4.0,900,1.06,1.97,-1.4,4,20.71,5,112.23,PNR,1.14,-3.82,-0.43,-13.69
385,0.3,4890.0,7.86,242,62,False,406,0.0,8,394,1.14,5.56,7.87,0.0,101,8.7,370,1.13,0.0,32.42,20,6.14,8,37.35,PNRA,0.4,1.25,-0.43,-6.29
386,0.31,8660.0,37.56,55,0,False,3820,3.43,35,1541,1.06,-7.85,2.17,84.35,3,24.1,1038,0.99,0.0,9.04,1,0.0,6,34.04,PNW,0.68,2.0,0.62,-6.03
387,0.17,5470.0,2.42,1152,50,False,4563,0.0,25,897,1.12,7.58,-55.73,0.0,7,10.9,502,1.09,0.0,-0.95,9,16.7,5,0.0,POST,1.01,4.62,3.02,-5.25
388,-0.03,4880.0,2.75,440,56,False,1015,0.0,15,1188,1.11,5.41,-26.42,26.24,8,8.7,652,1.15,0.0,40.35,2,2.47,5,34.22,PPC,1.7,-6.22,3.31,-30.12
389,1.41,26550.0,3.07,1863,58,False,4416,1.57,72,2606,1.1,7.35,-143.4,73.63,4,14.4,1602,1.09,3.14,16.7,14,24.14,5,25.94,PPG,1.71,1.09,3.36,-14.03
390,0.46,23980.0,41.18,975,59,False,19964,4.42,35,3813,0.97,-3.48,18.97,71.11,4,39.5,2814,1.03,0.0,18.15,4,0.0,6,22.77,PPL,3.91,2.18,2.7,-11.62
391,0.69,11230.0,2.88,418,53,False,5990,0.78,76,1389,1.04,19.92,0.0,76.47,3,16.0,1139,1.26,3.86,1.48,3,18.85,5,46.87,PRGO,1.8,-10.47,-2.49,-46.93
392,1.38,42210.0,5.36,3074,58,False,8887,3.06,18,5252,1.72,-0.85,-66.9,70.98,15,3.9,3793,1.13,0.0,8.86,4,1.96,5,28.54,PSX,2.26,-0.24,-4.74,-10.81
393,0.88,4070.0000000000005,21.44,113,51,False,855,0.28,81,585,0.69,22.83,-62.34,0.0,36,-41.7,446,1.01,0.0,-12.05,15,7.99,2,0.0,PTEN,3.79,19.02,0.75,-6.11
394,1.0,4290.0,11.02,165,57,False,2120,0.0,71,334,1.18,-7.92,346.08,68.9,3,10.6,57,1.09,0.11,0.0,12,17.67,5,0.0,PTHN,0.34,7.02,4.62,-4.63
395,0.62,7090.0,3.14,556,58,False,3217,0.16,35,1018,1.08,10.11,-41.57,0.0,3,9.1,1088,1.28,0.0,12.47,9,43.33,5,16.48,PVH,1.28,-13.24,-3.16,-22.53
396,0.73,5370.0,2.49,129,46,False,482,0.0,80,497,1.33,3.16,-58.46,96.3,84,2.8,420,1.05,0.0,3.27,13,8.48,3,44.03,PWR,2.17,19.38,0.88,-6.7
397,0.99,33320.0,13.76,524,60,False,9515,2.64,58,3337,1.13,13.18,-15.71,85.51,10,21.6,2825,0.01,0.88,31.89,7,10.95,5,27.16,PX,1.47,-1.74,-1.31,-6.7
398,0.98,31140.0,59.14,2085,59,False,3655,0.04,42,875,-3.29,-21.11,-96.96,94.66,11,-10.5,1419,1.19,0.0,-11.68,40,8.47,2,0.0,PXD,1.61,2.36,0.07,-5.92
399,1.31,77780.0,2.27,18648,47,False,11757,3.95,26,8240,1.02,23.13,-53.54,80.78,6,23.5,6040,1.24,21.49,15.91,11,10.08,5,18.45,QCOM,12.07,-18.07,-16.66,-26.47
400,1.86,4150.0,55.64,523,57,False,2249,0.0,57,562,0.5,-4.43,-275.0,92.57,73,-118.3,740,1.45,0.0,-30.24,14,13.82,2,0.0,QEP,3.18,-5.37,-5.94,-17.95
401,1.12,6610.0,7.8,303,50,False,1061,0.0,69,365,1.37,17.07,0.0,64.73,3,11.1,328,1.01,11.95,4.56,3,37.62,5,0.0,QGEN,0.88,5.03,1.0,-2.77
402,1.35,8750.0,2.36,3359,55,False,8707,0.0,29,1819,1.15,8.18,-60.61,0.55,5,9.8,1088,1.6,0.0,11.15,10,16.94,8,33.29,QVCA,3.05,-9.32,-4.38,-31.23
403,1.34,3840.0,31.08,66,50,False,5518,2.25,46,1649,1.02,-7.98,-5.92,94.57,79,7.8,1555,1.11,0.0,14.37,6,12.66,10,35.1,R,0.63,1.25,-6.01,-15.93
404,1.89,5490.0,1.66,124,53,False,6994,0.0,18,1350,1.83,-0.15,-83.33,62.65,8,1.7,493,1.47,0.0,15.84,3,21.97,8,26.12,RAD,23.42,-30.5,-33.44,-40.14
405,0.4,85530.0,1.72,2716,45,False,17447,3.07,1,6555,1.1,7.35,30.43,47.45,3,79.0,1122,0.95,0.0,27.49,5,17.23,5,37.93,RAI,7.57,14.39,5.1,-0.8
406,1.49,3210.0,2.25,253,55,False,1722,1.33,59,570,1.06,11.4,-6.38,94.43,3,7.3,442,0.99,0.0,6.84,2,0.0,5,20.97,RBC,0.26,10.68,0.39,-5.09
407,1.25,20180.0,30.23,133,68,False,9388,2.02,11,2381,1.14,-2.68,211.65,78.05,40,16.8,2339,1.11,0.0,14.42,18,13.14,6,0.0,RCL,1.88,22.32,9.03,-2.14
408,0.84,3480.0,6.64,220,49,False,2342,3.88,4,556,1.16,7.76,92.86,0.0,62,10.7,466,1.06,0.0,0.0,5,15.88,10,40.65,RGC,1.91,0.92,2.95,-9.95
409,1.76,5020.0,34.48,2679,41,False,8490,0.0,85,3450,-0.35,9.94,-29.55,85.22,3,30.6,2238,0.93,0.0,8.1,-8,3.61,2,10.95,RIG,14.64,17.14,-8.68,-17.53
410,0.8,6300.0,5.3,1118,41,False,1000,2.25,27,1060,1.05,6.84,-70.43,92.9,2,4.2,873,1.32,0.0,5.26,6,46.54,5,31.1,RL,1.07,-23.09,-15.05,-32.79
411,0.85,9490.0,3.49,731,43,False,1175,1.95,65,532,1.1,23.44,-11.48,65.23,3,22.5,510,0.95,6.65,21.38,2,26.73,5,20.19,RMD,0.9,4.55,4.78,-5.5
412,1.07,19150.0,1.99,2429,53,False,1965,2.04,65,1160,1.08,14.12,-4.03,74.8,6,17.1,947,0.98,0.0,34.33,0,24.96,5,22.63,ROK,1.09,17.32,5.39,-5.01
413,0.91,19450.0,0.96,779,70,False,3271,0.74,48,1238,1.11,24.9,3.16,0.0,7,28.0,963,1.1,0.0,12.64,10,33.32,5,31.33,ROP,0.59,7.12,2.59,-0.51
414,1.44,6860.0,2.76,339,55,False,1651,2.27,62,663,1.12,6.84,-187.1,74.2,3,11.0,466,1.08,0.0,16.59,3,32.92,5,17.72,RPM,0.59,-1.73,-3.17,-8.11
415,1.47,1160.0,1.83,390,51,False,3423,3.32,70,1164,0.37,2.27,-147.62,83.86,13,4.8,456,1.55,0.0,15.21,2,12.87,5,48.37,RRD,1.16,-4.46,-1.34,-49.22
416,1.34,5820.0,1.9,104,61,False,1929,2.11,45,810,1.22,6.21,-1.45,85.66,3,6.0,696,1.02,0.0,7.74,3,20.68,7,26.0,RS,0.53,5.56,-1.24,-8.34
417,0.61,19500.0,10.24,32,54,False,7575,2.23,39,2588,1.06,8.19,-59.02,96.87,140,16.1,1714,0.99,0.0,7.71,5,10.64,6,36.13,RSG,1.24,7.92,0.36,-1.22
418,1.02,33640.0,14.43,2641,45,False,33958,0.0,18,8469,-0.01,-1.02,-73.33,16.8,16,2.4,4350,0.86,0.0,-9.04,-4,25.78,6,0.0,S,19.9,18.35,-3.43,-12.44
419,1.0,6840.0,10.23,321,48,False,3359,2.12,48,824,1.16,7.09,-77.78,0.0,0,15.5,572,1.25,0.0,57.43,12,17.59,10,32.27,SABR,2.84,-7.57,-2.1,-18.01
420,0.6,5290.0,24.34,1537,67,False,2224,0.0,54,892,0.65,-0.42,21.88,91.58,24,11.3,743,1.11,2.51,5.59,4,12.7,5,28.51,SATS,0.14,23.06,7.43,-1.12
421,0.71,3700.0,24.69,804,63,False,661,0.0,5,592,0.97,-0.66,-13.33,97.72,0,21.1,544,1.21,0.0,23.33,7,23.88,6,36.77,SAVE,0.99,11.3,-6.16,-11.66
422,0.6,3230.0,3.83,87,51,False,1784,0.0,4,614,1.08,5.05,0.0,0.0,2,12.6,351,1.26,0.0,0.0,0,34.56,8,37.03,SBH,1.82,-16.46,-13.59,-32.1
423,0.81,78400.0,6.53,2263,62,True,3664,1.61,13,4917,1.15,13.93,10.87,70.63,7,19.6,4435,1.19,0.0,48.94,26,35.1,8,32.68,SBUX,9.59,-3.47,-5.82,-12.61
424,0.23,9860.0,35.85,176,60,False,6529,3.38,50,1503,1.02,-13.3,26.92,66.76,5,27.0,931,1.07,0.0,10.26,3,0.0,6,30.86,SCG,0.75,-4.0,-4.09,-9.75
425,0.88,5560.0,5.93,147,50,False,3189,1.78,9,786,1.06,8.58,4.34,88.73,80,16.4,434,1.11,0.0,16.17,5,4.48,10,39.1,SCI,1.12,7.61,1.8,-0.85
426,0.56,29530.0,71.3,301,51,False,14656,4.23,57,2506,1.21,-30.3,7.69,69.97,6,26.0,2023,0.99,0.0,4.29,3,0.0,6,20.1,SE,3.43,4.37,0.68,-4.32
427,1.32,9620.0,3.86,358,61,False,4592,1.32,45,1168,1.13,7.0,97.62,91.45,5,12.0,737,1.07,0.0,87.78,11,23.69,5,17.8,SEE,1.53,6.58,4.58,-5.77
428,1.0,5050.0,2.03,320,56,False,2752,0.0,76,582,1.11,7.59,41.67,0.0,39,19.9,261,1.1,0.0,24.16,4,25.79,10,39.49,SERV,1.0,1.45,-0.45,-9.64
429,0.56,2680.0,4.41,136,43,False,291,0.0,2,300,1.1,2.02,-23.81,93.37,15,5.8,257,1.23,0.0,17.2,12,23.61,8,37.31,SFM,2.67,-10.73,-3.69,-37.13
430,1.21,5310.0,3.85,138,54,False,1389,1.31,84,709,1.06,7.11,5.26,0.0,1,11.6,716,1.41,0.0,20.31,11,29.88,8,26.95,SIG,1.47,-10.98,-12.77,-39.15
431,1.19,22920.0,3.59,112,61,False,5449,0.84,7,1451,1.2,28.17,33.33,23.14,69,28.4,1559,1.05,1.52,0.0,12,14.91,6,37.84,SIRI,30.6,9.66,3.63,-1.45
432,1.19,5570.0,9.58,100,55,False,1506,4.29,31,463,1.51,26.11,-33.54,89.1,20,23.7,463,1.04,0.0,166.12,7,22.51,10,27.37,SIX,0.69,9.08,0.51,-3.46
433,0.59,16000.0,2.24,110,46,False,5430,2.24,27,1763,1.05,14.42,3.4,81.01,4,15.5,1251,1.0,0.0,10.0,4,19.33,5,27.96,SJM,0.87,0.83,4.95,-12.64
434,0.3,3740.0,3.98,508,76,False,205,0.0,42,392,1.11,4.96,-2.33,78.08,3,11.2,316,1.14,0.0,18.48,5,34.63,5,20.43,SKX,2.17,-1.11,-5.7,-30.96
435,1.09,114720.0,9.59,9257,48,False,19616,2.38,123,6625,1.88,12.77,-82.5,81.03,6,8.9,6261,1.17,3.61,-4.4,31,1.44,2,0.0,SLB,5.47,1.15,-3.26,-6.14
436,0.56,3640.0,6.53,100,51,False,1513,1.14,57,478,1.11,3.68,-0.86,81.34,5,8.3,371,0.96,0.0,22.58,3,6.02,5,32.9,SLGN,0.49,18.73,11.71,-1.36
437,0.67,5390.0,2.06,50,60,False,1316,2.15,46,483,1.13,6.32,5.13,71.36,4,16.2,237,1.1,1.6,47.2,5,18.87,5,35.5,SMG,0.58,3.6,-5.16,-9.24
438,1.04,9650.0,2.14,93,69,False,903,1.56,123,843,1.09,14.36,12.12,92.56,3,24.6,560,1.14,0.0,21.13,6,30.55,5,30.57,SNA,0.39,3.19,-5.0,-8.47
439,1.15,9780.0,2.03,223,65,False,4010,1.31,84,2150,1.0,24.1,16.67,97.21,0,35.5,879,0.94,0.0,44.83,1,23.83,6,29.97,SNI,1.11,12.55,2.59,-2.67
440,0.11,47940.0,50.07,1404,59,False,28738,4.59,36,6900,1.03,-20.28,10.48,52.47,2,25.3,5448,1.03,0.0,11.05,-4,0.0,6,28.99,SO,5.02,-2.93,-0.07,-10.47
441,1.12,5460.0,3.94,182,62,False,1135,2.7,50,641,1.02,5.91,48.84,72.23,10,7.7,483,0.93,0.0,15.6,-2,10.61,5,29.64,SON,0.44,4.59,1.32,-1.55
442,0.7,7870.0,2.1,275,54,False,3620,1.28,36,899,1.11,14.67,-11.29,0.0,3,13.2,844,1.12,1.18,21.05,10,22.93,5,15.53,SPB,0.52,3.8,7.55,-4.51
443,1.53,31200.0,2.34,1487,58,False,3611,1.36,63,2102,1.1,28.21,265.22,89.84,0,52.1,1722,1.11,0.0,324.29,11,25.58,10,30.25,SPGI,1.53,0.52,5.82,-6.21
444,1.81,5840.0,1.58,825,54,False,1035,5.21,34,1363,1.03,2.84,-12.9,93.24,7,-1.4,905,1.1,0.0,-9.19,1,21.54,8,0.0,SPLS,7.33,1.83,-3.52,-21.06
445,1.98,2680.0,6.91,564,54,False,1618,0.0,84,445,0.68,6.12,-85.69,0.0,8,-67.7,214,1.16,0.0,-46.04,20,23.0,2,0.0,SPN,3.09,4.95,0.37,-10.99
446,1.34,6650.0,4.4,957,51,False,1134,0.67,34,1044,1.11,8.69,-48.21,0.0,3,11.3,895,1.14,0.34,24.8,6,3.41,5,28.97,SPR,1.23,7.13,-6.61,-11.18
447,0.06,6530.0,4.04,56,50,False,3219,0.0,59,615,1.03,10.49,22.03,96.71,0,14.5,515,1.13,0.0,8.49,3,23.72,6,36.1,SRCL,1.07,-5.03,-1.83,-40.44
448,0.47,25720.0,45.52,510,59,False,14663,3.0,41,3337,1.06,-20.48,148.47,84.11,10,15.2,2507,1.11,0.0,11.35,11,0.0,6,19.86,SRE,1.27,-1.47,0.82,-10.41
449,1.06,6530.0,2.18,437,61,False,2751,0.78,51,352,1.14,22.95,-205.56,94.56,0,17.5,347,1.18,10.92,4.0,10,17.01,10,21.63,SSNC,1.2,2.47,5.99,-5.82
450,1.44,8280.0,2.03,841,56,False,2357,1.59,36,1157,1.01,11.02,156.0,83.11,4,3.9,973,1.19,0.0,3.67,12,5.65,5,30.36,STLD,4.08,14.13,-6.33,-15.44
451,0.53,29270.0,13.37,83,57,True,8081,1.08,39,2126,1.13,10.61,48.87,88.47,1,29.1,1737,1.18,0.0,19.64,12,18.34,5,27.32,STZ,2.25,-6.7,-1.53,-13.99
452,1.12,18000.0,3.12,1132,58,False,3827,1.86,55,2051,1.08,9.93,10.53,87.13,3,14.6,1478,1.09,0.0,16.71,7,22.41,5,21.9,SWK,1.05,1.66,2.87,-4.98
453,1.35,4540.0,32.68,18,57,False,4729,0.0,47,1027,-78.0,-4.38,-67.09,0.0,0,-200.0,690,1.44,0.0,-167.19,4,9.39,2,0.0,SWN,15.39,-23.88,-8.14,-40.47
454,0.56,28700.0,1.06,3919,60,False,7435,2.5,27,2672,1.1,3.66,41.46,79.31,14,3.7,2443,1.02,0.0,24.72,3,14.62,7,33.68,SYY,3.72,0.82,-4.34,-8.06
455,0.39,252800.0,13.44,5788,55,False,123513,4.69,36,50555,1.03,9.96,8.0,55.43,0,16.8,38387,1.02,0.0,11.85,8,21.2,6,35.0,T,22.44,1.76,-1.52,-6.17
456,0.96,20690.0,7.44,431,53,False,2938,1.72,53,666,0.93,17.23,944.44,32.47,9,25.5,848,1.24,0.0,6.64,8,32.2,5,10.17,TAP,1.57,-4.84,-1.01,-14.15
457,1.19,3870.0,4.64,839,68,False,780,0.0,68,492,0.62,13.0,-32.72,0.0,24,3.9,426,0.92,8.65,1.87,-5,29.69,5,81.05,TDC,1.57,2.1,5.42,-10.02
458,0.41,11830.0,1.39,1587,63,False,10195,0.0,58,1424,1.12,19.71,37.6,0.0,2,40.0,669,1.33,0.0,0.0,13,12.07,5,23.66,TDG,0.93,-16.98,-8.81,-24.69
459,1.26,3240.0,13.11,985,69,False,2454,1.93,50,981,1.45,0.63,-76.09,87.77,14,1.3,701,1.22,0.0,1.16,4,34.42,6,41.22,TDS,0.47,3.89,-1.4,-7.91
460,2.04,3360.0,1.54,467,55,False,1831,0.88,54,512,1.36,4.32,122.5,91.02,3,3.5,360,1.07,0.0,5.71,5,14.82,5,0.0,TEX,1.35,18.41,-0.41,-6.2
461,0.97,7420.0,2.82,338,68,False,1066,0.82,53,453,1.07,20.48,12.0,93.99,2,19.0,428,1.05,3.05,13.5,7,30.86,5,3.8,TFX,0.4,1.19,2.98,-10.84
462,1.55,5010.0,3.45,129,64,False,4202,2.46,64,1059,0.83,13.68,42.11,90.78,0,31.3,558,1.05,0.0,20.58,5,33.69,6,30.51,TGNA,2.07,8.61,6.48,-7.92
463,0.56,35930.0,2.12,4046,57,False,12760,3.74,0,7389,1.05,4.82,21.84,89.51,4,7.3,4886,1.15,0.0,27.51,4,19.4,8,31.55,TGT,6.1,-10.44,-9.34,-23.97
464,1.29,1770.0,1.72,356,56,False,14510,0.0,48,2105,1.62,3.54,-72.41,0.0,42,6.4,1042,1.35,0.0,-31.58,3,0.0,10,0.0,THC,3.42,-14.75,6.57,-47.8
465,1.23,5440.0,1.18,210,47,False,366,1.27,27,445,1.1,4.97,55.21,92.72,12,8.2,324,1.07,0.0,23.48,7,6.47,5,32.13,THO,0.7,18.05,0.9,-4.62
466,0.54,4250.0,3.08,43,69,False,1237,0.0,20,379,1.28,4.73,0.0,0.0,5,4.3,411,1.12,0.0,3.77,10,11.89,5,31.92,THS,0.87,-9.8,2.82,-28.25
467,1.91,9730.0,6.3,887,56,False,1104,2.31,19,996,1.05,13.51,8.57,0.0,0,18.2,790,1.08,0.0,15.67,12,43.69,8,33.51,TIF,1.92,6.14,-0.99,-8.5
468,1.38,3420.0,4.58,140,50,False,658,2.31,61,437,1.05,10.28,-65.33,80.42,3,0.7,406,1.0,0.0,6.94,4,26.04,5,0.0,TKR,0.78,20.17,4.28,-3.62
469,1.09,59630.0,2.45,452,48,False,12527,0.42,55,4180,1.1,15.23,0.85,89.67,4,13.3,3179,1.14,4.02,9.39,19,27.27,5,0.0,TMO,2.1,0.72,4.69,-6.05
470,0.75,50510.0,24.96,7580,57,True,28924,0.0,19,6966,1.18,-5.8,180.0,35.11,13,10.5,6766,1.0,0.0,7.69,20,31.64,6,37.92,TMUS,4.07,20.05,4.26,-3.74
471,1.25,5070.0,0.55,665,55,False,3775,0.0,0,513,1.07,2.33,-16.46,81.41,0,9.5,149,1.16,0.0,9.04,9,10.36,3,35.13,TOL,2.44,4.92,-0.88,-6.81
472,1.59,2530.0,1.81,154,54,False,1455,0.0,50,399,0.77,4.93,106.25,0.0,8,12.8,211,1.1,0.0,56.55,-1,29.92,5,53.5,TPX,1.48,-33.5,-32.34,-46.83
473,1.7,2550.0,4.13,280,54,False,3479,3.52,73,481,0.67,5.56,455.17,0.0,0,-4.1,205,1.21,0.0,-9.72,2,33.77,6,0.0,TRCO,0.87,-16.98,-10.34,-28.4
474,2.09,10760.0,9.75,232,55,False,5981,6.37,33,1074,-0.69,4.47,-200.0,77.89,33,-0.8,899,0.96,0.0,-2.17,8,2.58,6,0.0,TRGP,2.12,21.37,3.11,-2.81
475,0.45,32920.0,7.89,1454,56,False,12160,3.08,45,4343,1.14,16.39,0.0,31.39,0,14.3,2949,0.97,0.0,10.59,1,0.0,5,0.0,TRI,0.68,5.82,0.6,-1.9
476,2.06,7590.0,4.96,661,53,False,285,0.0,55,326,1.01,16.77,-27.45,96.7,0,8.9,320,0.99,16.29,8.4,-1,63.54,10,0.0,TRIP,2.53,-9.99,4.48,-27.3
477,2.22,7490.0,1.21,116,64,False,729,0.0,55,377,1.15,14.22,7.14,94.46,4,6.8,361,0.96,15.07,5.25,8,27.04,5,20.11,TRMB,1.5,5.65,-1.13,-3.93
478,2.23,4200.0,17.86,871,62,False,3196,1.59,30,1528,0.57,4.03,-58.02,80.8,3,18.6,1102,0.89,0.0,13.29,0,8.8,5,35.4,TRN,1.68,9.77,-2.1,-6.17
479,1.0,5830.0,7.33,149,52,False,2209,0.0,55,475,1.11,15.56,0.0,0.0,0,15.7,379,1.18,0.0,7.13,10,32.77,10,40.0,TRU,0.77,-1.22,0.8,-11.01
480,1.24,9670.0,3.69,64,61,False,168,1.29,0,774,1.21,3.37,4.69,91.76,2,10.3,460,1.12,0.0,30.35,15,21.98,8,36.36,TSCO,1.5,-2.66,-2.67,-24.21
481,1.69,9700.0,3.64,942,59,False,4073,2.64,15,3348,1.5,2.5,-76.84,94.53,8,6.0,1485,1.28,0.0,13.06,12,1.4,5,33.01,TSO,2.47,0.6,-3.31,-12.19
482,1.02,9370.0,4.65,425,64,False,3364,0.78,36,947,1.1,13.75,-29.23,75.12,0,14.9,691,1.15,0.0,16.57,13,14.33,10,34.14,TSS,1.31,2.4,-0.98,-9.8
483,0.46,6320.0,2.12,274,52,False,353,1.19,25,411,1.11,13.01,28.57,79.41,4,14.0,362,0.94,0.0,45.64,1,22.58,5,30.1,TTC,0.62,15.7,2.44,-2.37
484,1.7,3060.0,2.58,80,70,False,771,4.59,24,365,1.12,8.57,33.33,91.76,2,15.2,246,0.98,0.0,128.94,0,53.38,5,29.96,TUP,0.64,0.36,9.71,-9.49
485,1.12,73740.0,1.55,2155,63,False,23792,1.67,103,7522,1.02,13.84,47.62,82.42,8,25.4,4388,1.08,0.0,18.74,16,17.3,6,24.78,TWX,4.85,11.43,0.0,-1.77
486,1.24,75590.0,4.45,3490,57,True,3609,2.57,40,6058,1.07,29.47,23.68,87.69,2,35.2,4459,1.07,10.14,31.67,14,13.4,5,28.89,TXN,5.54,6.74,1.42,-4.5
487,1.6,12920.0,3.17,1137,54,False,2777,0.17,26,13616,1.14,2.72,146.03,81.68,2,8.4,818,1.1,0.0,18.83,9,9.25,5,2.63,TXT,1.83,10.21,-3.18,-7.15
488,0.1,8029.999999999999,8.4,130,43,False,669,0.0,49,519,0.94,-4.66,28.89,60.16,2,9.2,175,1.25,0.0,11.59,6,38.11,5,36.03,UA,3.46,-40.03,-27.86,-60.33
489,0.1,9030.0,8.4,130,43,False,669,0.0,49,519,0.91,-4.66,28.89,60.16,2,9.2,175,1.14,0.0,11.59,6,38.11,0,36.03,UAA,5.4,-41.43,-29.66,-57.03
490,1.56,2670.0,7.57,126,61,False,1260,3.9,44,666,1.02,1.12,452.94,0.0,5,4.7,447,0.98,0.0,5.1,3,8.06,5,0.0,UFS,0.45,11.85,5.69,-4.22
491,0.61,8080.0,9.92,549,60,False,4087,2.09,37,1419,1.04,7.14,316.67,80.2,10,17.4,970,0.97,0.0,13.16,1,32.82,6,31.15,UGI,0.69,2.97,1.77,-2.95
492,1.26,7260.0,46.74,635,0,False,2689,1.05,28,1158,1.13,-15.07,-3.74,29.45,21,24.8,1061,1.02,0.0,19.25,1,14.26,10,36.82,UHAL,0.05,5.49,-0.3,-7.2
493,1.08,10930.0,,61,78,False,3450,0.35,50,1642,1.1,12.47,4.05,95.29,8,13.4,1325,1.17,0.0,16.46,7,47.95,10,34.96,UHS,1.17,-6.07,2.58,-19.32
494,0.75,87920.0,19.67,1337,53,False,15007,2.24,26,9310,1.12,16.29,-9.33,80.64,6,36.2,7186,1.05,0.0,20.58,15,23.94,6,37.38,UNP,4.13,9.75,1.94,-3.65
495,0.92,91720.0,4.28,4726,60,False,14334,2.67,37,9429,1.06,6.35,3.6,69.13,0,13.2,6378,1.09,0.0,214.08,5,53.23,6,34.38,UPS,2.89,-5.8,-8.69,-12.74
496,2.48,10690.0,23.24,312,62,False,7790,0.0,58,2674,1.11,10.66,-0.56,97.4,49,24.6,1953,0.96,0.0,36.24,5,12.48,10,37.72,URI,2.05,41.58,13.8,-3.35
497,1.0,6010.0,0.65,518,0,False,4745,0.0,20,762,0.92,1.12,0.0,98.77,16,1.5,410,1.05,0.0,5.59,7,15.64,7,0.0,USFD,1.19,11.38,1.91,-2.19
498,1.32,4500.0,1.84,645,49,False,2175,0.0,30,534,1.37,10.46,-19.23,85.9,11,11.8,475,1.01,0.0,94.64,5,7.89,5,0.0,USG,1.59,10.45,4.25,-4.53
499,0.9,3560.0,11.53,715,62,False,1640,0.0,57,675,1.84,-0.98,-73.33,24.33,11,0.0,415,1.0,0.0,1.43,2,37.5,6,40.1,USM,0.12,7.6,-5.09,-8.69
500,1.07,87030.0,3.62,7120,55,False,20425,2.42,71,9995,1.06,4.51,15.58,81.7,4,12.2,4631,1.08,4.08,24.52,7,10.25,5,31.61,UTX,3.13,2.1,-1.69,-3.82
501,1.62,8750.0,2.87,176,59,False,1778,1.34,73,645,1.1,8.65,0.79,74.56,5,12.6,483,1.0,3.32,35.87,1,20.69,5,18.75,VAL,0.47,5.07,4.08,-0.76
502,0.71,7330.0,2.5,939,56,False,668,0.0,94,661,0.94,8.57,25.25,0.0,2,17.1,356,1.14,7.88,23.31,1,17.31,5,27.62,VAR,0.87,-15.25,-11.96,-26.52
503,0.77,20980.0,1.93,946,57,False,1865,3.27,53,1882,1.08,9.94,11.21,87.3,3,12.9,1470,1.14,0.0,21.93,4,34.35,5,18.37,VFC,3.23,-10.93,-3.97,-24.44
504,1.36,17660.0,1.38,379,53,False,11913,1.76,80,2953,1.17,9.6,-71.23,16.32,8,20.2,1371,1.12,0.0,36.8,11,22.83,6,26.08,VIA,0.05,3.13,7.03,-12.42
505,1.36,16500.0,1.38,379,53,False,11913,1.88,80,2953,1.07,9.6,-71.23,16.32,8,20.2,1371,1.01,0.0,36.8,11,22.83,6,26.08,VIAB,3.94,7.01,9.52,-12.41
506,1.42,29530.0,1.78,4114,58,False,7377,4.09,23,7729,1.14,4.07,-52.33,81.7,10,4.9,4309,1.12,0.0,10.66,13,0.97,5,25.2,VLO,5.06,9.72,-3.24,-8.63
507,1.21,16940.0,10.12,285,57,False,1980,0.61,55,847,1.39,5.75,14.29,90.58,7,19.0,567,1.08,0.0,8.38,10,8.81,2,29.41,VMC,1.33,6.31,0.87,-7.36
508,0.96,3200.0,2.15,349,67,False,766,1.03,70,305,1.08,6.59,138.46,90.32,4,6.9,217,1.04,0.0,7.32,1,17.06,5,40.97,VMI,0.14,4.26,-1.21,-8.94
509,0.54,9680.0,3.29,197,53,False,3089,0.0,69,730,1.31,16.32,51.85,97.46,0,15.7,682,1.08,0.0,20.06,20,21.46,10,30.82,VNTV,1.05,8.33,1.82,-2.83
510,0.66,13760.0,6.99,181,58,False,3168,0.0,39,980,1.08,17.96,-3.9,95.11,0,35.3,567,1.06,0.0,42.72,10,14.71,10,30.61,VRSK,0.78,-0.1,0.21,-4.48
511,1.24,8510.0,2.83,1915,61,False,1869,0.0,4,667,1.07,55.75,28.57,0.0,0,59.9,661,0.99,5.37,0.0,-2,17.17,10,22.68,VRSN,0.74,2.46,2.52,-11.56
512,1.0,3120.0,3.69,175,0,False,986,0.0,48,324,1.13,22.43,0.0,30.23,4,28.7,253,1.01,4.53,74.2,4,11.41,5,21.1,VSM,0.89,13.12,2.58,-1.48
513,1.0,1590.0,2.2,152,56,False,671,0.0,71,336,1.11,5.37,134.62,95.35,3,12.2,191,1.3,0.93,10.86,5,15.4,5,32.13,VSTO,1.1,-31.46,-20.23,-49.95
514,0.72,4520.0,21.65,75,60,False,1811,3.09,34,618,1.06,-0.53,54.17,64.02,5,15.5,496,1.01,0.0,12.26,2,0.0,6,32.15,VVC,0.36,7.79,2.35,-1.29
515,1.0,4640.0,3.42,172,0,False,749,0.83,65,490,1.06,12.7,0.0,18.69,8,22.3,311,1.09,0.0,190.18,4,14.0,5,35.15,VVV,1.05,4.83,3.65,-9.41
516,1.0,3400.0,1.37,136,57,False,1989,0.0,49,450,1.05,4.26,287.5,0.0,7,7.5,254,1.12,0.0,12.47,3,20.47,7,31.0,VWR,0.92,-5.35,1.98,-18.55
517,0.45,196840.0,13.43,2880,61,False,108078,4.68,39,42987,1.03,8.57,-10.1,65.2,39,22.5,28133,1.08,0.0,83.48,7,24.52,6,35.79,VZ,15.58,-6.32,-7.6,-15.22
518,1.12,7680.0,1.6,429,60,False,695,0.46,57,701,1.08,13.04,-10.78,0.0,4,18.2,440,1.04,2.38,19.82,8,11.07,5,30.3,WAB,0.84,8.27,1.87,-3.31
519,1.25,87210.0,1.17,10024,75,False,19028,1.84,20,8087,1.1,5.37,-3.96,61.58,8,5.1,7640,1.16,0.0,13.72,18,20.24,8,20.39,WBA,4.39,-1.69,-3.17,-8.19
520,1.72,6270.0,3.91,559,56,False,504,0.0,64,439,1.04,10.57,162.69,0.0,7,12.3,401,1.04,4.83,32.96,10,13.56,5,23.83,WBC,0.45,8.69,5.91,-1.68
521,1.72,3470.0,0.25,110,54,False,1385,0.0,57,399,1.17,4.13,-157.03,0.0,7,4.6,324,1.05,0.0,5.46,6,14.27,7,30.71,WCC,0.63,12.91,1.24,-7.49
522,1.47,22660.0,4.3,8378,52,False,16994,2.52,46,2064,1.14,8.78,-205.79,90.62,6,2.6,1878,1.16,13.11,-4.05,27,10.86,5,0.0,WDC,4.4,35.09,10.05,-2.99
523,0.08,18090.0,20.04,50,49,False,10377,3.57,42,1966,1.12,6.34,17.23,71.29,3,23.1,1941,1.05,0.0,10.55,5,0.0,6,39.04,WEC,1.69,-3.44,-1.87,-13.29
524,0.94,3500.0,10.83,437,50,False,2426,1.9,21,430,1.09,3.3,500.0,86.99,255,22.1,225,0.97,0.0,26.96,6,16.17,8,35.03,WEN,3.62,17.73,-0.42,-3.34
525,0.71,9470.0,2.05,852,62,True,1051,1.87,5,1368,1.0,5.04,75.0,87.84,20,5.5,1116,1.02,0.0,14.5,-1,28.96,8,38.69,WFM,4.99,-1.72,-4.17,-16.41
526,2.31,5180.0,4.52,467,52,False,7461,0.0,99,798,0.58,-6.51,800.0,0.0,2,-45.4,-127,1.27,2.69,-101.17,23,19.76,5,0.0,WFT,26.39,5.99,8.28,-32.04
527,1.71,12690.0,3.19,1085,59,False,4470,2.29,52,2182,1.12,2.66,5.08,94.78,5,6.8,1207,1.15,0.0,18.0,6,10.11,5,14.43,WHR,0.89,-0.96,-5.46,-11.64
528,1.73,8160.0,14.55,1183,67,False,770,1.23,59,1209,1.26,3.52,-63.31,30.12,5,14.1,782,0.98,0.0,12.21,7,7.52,5,30.71,WLK,0.9,18.53,6.45,-2.67
529,0.72,30770.0,9.94,39,54,False,8981,2.44,44,3387,1.08,10.47,-8.11,80.23,89,16.3,2733,1.04,0.0,21.14,6,10.65,6,34.52,WM,1.78,4.54,-0.73,-3.02
530,1.35,21500.0,31.74,100,53,False,24487,2.84,38,3291,-20.2,4.86,-260.0,80.66,23,-8.6,2674,1.11,0.0,-18.36,11,10.26,6,0.0,WMB,9.46,-1.12,-3.84,-12.39
531,0.12,204980.0,2.21,8705,49,False,50034,3.01,3,33559,1.0,4.4,-4.84,29.68,7,4.8,32028,1.11,0.0,18.39,5,20.82,8,28.11,WMT,8.94,-5.63,-2.79,-11.29
532,1.08,7340.0,5.16,99,66,False,873,0.0,11,408,1.12,9.85,5.97,91.94,32,15.6,361,0.83,0.0,17.72,4,8.22,1,38.38,WOOF,1.91,28.27,13.39,-1.17
533,0.43,7730.0,41.4,3,54,False,3581,2.78,44,959,1.03,-8.52,11.34,71.67,2,27.0,822,1.09,0.0,8.87,0,10.53,6,34.84,WR,0.84,-2.5,-1.93,-5.2
534,1.0,13700.0,5.62,366,61,False,5789,2.98,42,1888,1.11,6.29,-294.74,91.65,6,3.0,1688,1.06,0.0,-3.71,8,12.35,5,36.71,WRK,1.55,11.01,2.31,-4.38
535,0.81,4970.0,0.29,35,75,False,246,2.75,45,351,1.11,6.08,8.53,1.54,4,8.1,268,0.99,0.0,16.57,3,16.31,7,31.17,WSO,0.17,4.88,1.38,-4.5
536,0.95,6190.0,11.27,275,46,False,298,0.62,49,277,1.16,3.24,0.0,92.36,5,12.6,215,0.92,2.5,12.9,3,12.2,5,27.62,WST,0.34,5.64,-0.24,-4.26
537,1.23,9570.0,4.36,1316,55,False,3226,3.26,75,1279,1.04,15.69,-2.22,0.0,0,19.9,1088,0.98,0.0,60.0,-5,20.57,10,10.51,WU,4.87,-5.16,-7.71,-13.04
538,1.46,9710.0,5.5,39,59,False,2130,0.0,23,495,1.16,2.97,14.29,84.39,9,9.3,353,1.0,0.0,15.35,-2,25.34,5,33.0,WWAV,1.48,-0.52,-1.11,-3.59
539,1.2,8530.0,3.6,303,59,False,5208,2.52,33,1277,1.09,13.58,10.56,98.72,9,18.1,960,1.08,0.0,65.01,8,28.22,10,34.19,WYN,0.9,10.13,2.02,-2.36
540,2.92,6010.0,4.31,755,61,False,3161,0.61,50,18,1.11,2.4,-127.12,80.44,4,-5.3,683,0.96,0.0,-50.87,3,3.07,5,0.0,X,18.76,36.68,1.39,-10.96
541,0.12,21020.0,33.61,119,57,False,13994,3.34,24,3404,1.04,-6.7,7.14,71.41,6,20.0,2949,1.47,0.0,10.26,3,2.16,6,34.49,XEL,2.61,0.74,1.58,-8.86
542,1.14,14470.0,2.88,3338,61,False,1596,2.23,42,738,1.06,29.07,6.12,99.39,3,30.5,738,1.02,24.79,24.23,4,14.31,5,10.96,XLNX,2.96,7.94,-1.31,-6.59
543,0.91,346040.0,8.19,3705,51,False,38687,3.54,34,30931,1.16,0.28,-37.61,52.34,9,4.6,19066,1.06,0.0,5.24,-1,4.88,5,8.01,XOM,11.41,-4.47,-5.03,-12.66
544,1.22,7280.0,1.7,1523,56,False,7367,4.46,47,2063,1.01,6.29,-525.0,85.94,11,6.3,1400,1.17,3.04,6.85,5,19.7,10,8.66,XRX,13.48,-22.19,-6.8,-36.91
545,1.23,8750.0,3.51,680,51,False,1274,1.25,80,606,1.12,9.51,-14.58,93.38,4,12.0,478,1.09,2.7,15.18,7,24.2,5,14.29,XYL,1.45,-2.47,-1.84,-11.26
546,0.75,24100.0,6.8,840,58,False,3977,2.63,11,2726,1.13,7.65,64.2,75.66,38,16.7,1864,1.03,0.0,0.0,8,12.07,8,16.09,YUM,2.93,3.16,1.99,-0.82
547,1.0,10910.0,6.2,425,62,False,35,0.0,5,938,1.1,5.73,0.0,21.9,26,8.6,814,1.1,0.0,19.77,3,5.98,8,33.95,YUMC,3.79,6.59,7.32,-6.2
548,1.0,7680.0,40.5,171,52,False,4136,0.0,23,778,1.43,-0.09,-200.0,89.81,0,14.8,752,1.13,0.0,-3.62,11,21.91,6,0.0,ZAYO,3.13,1.43,-2.04,-11.42
549,1.08,27510.0,4.85,1154,64,False,4868,0.77,72,1395,1.2,9.58,26.32,95.91,1,20.2,705,1.03,7.72,48.97,13,29.23,5,35.74,ZTS,3.26,8.43,3.95,-0.04
